Nama Restoran,Rating,Jarak,Tingkat Harga,Detail Harga,Alamat,Jam Buka (Senin),Jam Buka (Selasa),Jam Buka (Rabu),Jam Buka (Kamis),Jam Buka (Jumat),Jam Buka (Sabtu),Jam Buka (Minggu),Link,Waktu Scraping
"DIMSUM MBLEDOS, Merr",4.8,0.48 km,$$··,16rb-40rb,"Jl. Dr Ir H Soekarno No. 53, Mulyorejo, Surabaya",06:00-23:00,06:00-23:00,06:00-23:00,06:00-23:00,06:00-23:00,06:00-23:00,06:00-23:00,https://gofood.co.id/surabaya/restaurant/dimsum-mbledos-merr-730f2972-3d72-48fc-8417-13e40e28776c,2025-07-04 21:22:35
Angsle & Ronde 66,5,0.49 km,$$··,16rb-40rb,"Jl. Ploso Baru No. 189, Tambaksari, Surabaya",15:00-22:00,15:00-22:00,15:00-22:00,15:00-22:00,15:00-22:00,15:00-22:00,Tutup,https://gofood.co.id/surabaya/restaurant/angsle-ronde-66-b109c27e-7ccd-498d-8e96-46ae7aefb7eb,2025-07-04 21:23:10
"De Bronx (Mieyabi Hot), Ploso",5,0.77 km,$$··,16rb-40rb,"Jl. Ploso Baru No. 16, Tambaksari, Surabaya",15:30-22:30,15:30-22:30,15:30-22:30,15:30-22:30,15:30-22:30,15:30-22:30,15:30-22:30,https://gofood.co.id/surabaya/restaurant/de-bronx-mieyabi-hot-ploso-2b47a279-62fa-47b5-aafe-b41bf8645e78,2025-07-04 21:23:43
"Terang Bulan Bangka C.N.K, Karang Empat Besar",4.9,1 km,$$$·,40rb-100rb,"Jl. Karang Empat Besar 102, Tambaksari, Surabaya",07:00-22:30,07:00-22:00,07:00-22:00,07:00-22:00,07:00-22:00,08:00-22:00,10:00-22:00,https://gofood.co.id/surabaya/restaurant/terang-bulan-bangka-c-n-k-karang-empat-besar-1e4533c2-fd11-4e87-b500-c738fbce9ce2,2025-07-04 21:24:16
"Surabaya Patata, Dharmahusada",4.9,1.3 km,$$$·,40rb-100rb,"Jl. Dharmahusada No. 187, Gubeng, Surabaya",07:00-21:45,07:00-21:45,07:00-21:30,07:00-21:45,07:00-21:45,07:00-21:45,07:00-21:45,https://gofood.co.id/surabaya/restaurant/surabaya-patata-dharmahusada-1c8acdfe-8505-4d86-bec9-a097768000aa,2025-07-04 21:24:49
"Kebab Kings, Kenjeran",3.8,1.45 km,$$··,16rb-40rb,Jalan Kenjeran No 325 Surabaya (Teras Alfamidi Kenjeran),13:30-21:30,13:30-21:30,Tutup,13:30-21:30,13:30-21:30,13:30-21:30,13:30-21:30,https://gofood.co.id/surabaya/restaurant/kebab-kings-kenjeran-2dfc1cea-4aa7-4ac8-a63f-73f497b4c960,2025-07-04 21:25:18
"Tahu Tek Pak Jayen, Dharmahusada",4.9,1.47 km,$$··,16rb-40rb,"Jl. Dharmahusada No. 112, Gubeng, Surabaya",16:00-22:30,16:00-22:30,16:00-22:30,16:00-22:30,16:00-22:30,16:00-22:30,16:00-22:30,https://gofood.co.id/surabaya/restaurant/tahu-tek-pak-jayen-dharmahusada-94c6c390-b572-4fd7-b592-ee1844b1d957,2025-07-04 21:25:41
"Malika Kebab 14, Tambaksari",4.5,1.49 km,$$··,16rb-40rb,"Jl. Bronggalan No. 38, Pacar Kembang, Tambaksari, Kota Surabaya, Jawa Timur",00:00-23:59,00:00-23:59,00:00-23:59,00:00-23:59,00:00-23:59,00:00-23:59,00:00-23:59,https://gofood.co.id/surabaya/restaurant/malika-kebab-14-tambaksari-ee939c19-3fe9-45f6-a621-7d7969890a5a,2025-07-04 21:26:16
"Yung Ho, Dharmahusada",4.9,1.59 km,$$$·,40rb-100rb,"Jl. Dharmahusada No. 50, Gubeng, Surabaya Timur",00:00-23:59,00:00-23:59,00:00-23:59,00:00-23:59,00:00-23:59,00:00-23:59,00:00-23:59,https://gofood.co.id/surabaya/restaurant/yung-ho-dharmahusada-82f86ae2-7385-4b05-b655-a3760f0f8c9c,2025-07-04 21:26:46
"Pizza Hut Delivery - PHD, Dharmahusada",4.9,1.69 km,$$$·,40rb-100rb,"JL. Dharmahusada, No. 115 E, Gubeng, Surabaya",05:30-23:15,05:30-23:15,05:30-23:15,05:30-23:15,07:30-23:15,07:30-23:15,07:30-23:15,https://gofood.co.id/surabaya/restaurant/pizza-hut-delivery-phd-dharmahusada-ba049b4f-024e-488c-8939-a615213e9b90,2025-07-04 21:27:15
"Sour Sally, Galaxy Mall",5,1.77 km,$$$$,Diatas 100rb,"Galaxy Mall, Lantai 3, Jl. Dharmahusada Indah Timur 35-37, Mulyorejo, Surabaya",10:00-21:30,10:00-21:30,10:00-21:30,10:00-21:30,10:00-21:30,10:00-21:30,10:00-21:30,https://gofood.co.id/surabaya/restaurant/sour-sally-galaxy-mall-32d1c321-6984-459e-ae34-8d6bd89912be,2025-07-04 21:27:47
"Kebab Turki Baba Rafi, Wiratno",5,1.79 km,$$··,16rb-40rb,"Teras Alfamart Wiratno, Jl. Wiratno No. 19A, Bulak, Surabaya",14:00-22:00,14:00-22:00,14:00-22:00,14:00-22:00,14:00-22:00,14:00-22:00,14:00-22:00,https://gofood.co.id/surabaya/restaurant/kebab-turki-baba-rafi-wiratno-4a2e064f-4eea-4a95-bdca-f3a142749047,2025-07-04 21:28:14
"Excelso Coffee, Galaxy Extension Timur",4,1.79 km,$$$·,40rb-100rb,"Galaxy Extension Timur, Lantai 3, Jl. Dhamhasuda Indah Timur No. 35-37, Mulyorejo, Surabaya",10:00-21:30,10:00-21:30,10:00-21:30,10:00-21:30,10:00-21:30,10:00-21:30,10:00-21:30,https://gofood.co.id/surabaya/restaurant/excelso-coffee-galaxy-extension-timur-2ae15f5c-1439-4e11-895f-aad927e1fd63,2025-07-04 21:28:40
"Quali, Galaxy Mall",4.9,1.8 km,$$$·,40rb-100rb,"Galaxy Mall 2, Lantai 3, Unit 249, Jl. Dharmahusada Indah Timur No. 35-37, Mulyorejo, Surabaya",10:00-21:30,10:00-21:30,10:00-21:30,10:00-21:30,10:00-21:30,10:00-21:30,10:00-21:30,https://gofood.co.id/surabaya/restaurant/quali-galaxy-mall-f9f06030-81f3-43f6-840b-8d748b3d70dc,2025-07-04 21:29:03
"Shihlin Taiwan Street Snack, Galaxy Mall",5,1.84 km,$$$·,40rb-100rb,"Galaxy Mall, Lantai 3, Jl. Dharmahusada Indah Timur No. 35-37, Mulyorejo, Surabaya",10:00-21:45,10:00-21:45,10:00-21:45,10:00-21:45,10:00-21:45,10:00-21:45,10:00-21:45,https://gofood.co.id/surabaya/restaurant/shihlin-taiwan-street-snack-galaxy-mall-7d462542-9c18-4371-9b0a-8d54ac10a14e,2025-07-04 21:29:34
"Top Yammie, Galaxy Mall",4.8,1.85 km,$$$·,40rb-100rb,"Galaxy Mall 2 Lantai 4, Jl. Dharmahusada Indah Timur No. 35-37, Mulyorejo, Surabaya",10:00-21:30,10:00-21:30,10:00-21:30,10:00-21:30,10:00-21:30,10:00-21:30,10:00-21:30,https://gofood.co.id/surabaya/restaurant/top-yammie-galaxy-mall-ea4dc496-93f6-4df8-bed0-5d8d6af74fa1,2025-07-04 21:30:08
"Bentoya, Galaxy Mall 2",5,1.94 km,$$$·,40rb-100rb,"Galaxy Mall, Lantai 4, Jl. Dharmahusada No.35 - 37, Mulyorejo, Surabaya",11:00-21:30,10:00-21:30,10:00-21:30,10:00-21:30,10:00-21:30,10:00-21:30,10:00-21:30,https://gofood.co.id/surabaya/restaurant/bentoya-galaxy-mall-2-a76cb2cb-40e2-44e5-a1e7-d7db01f3a8dc,2025-07-04 21:30:41
"Dcrepes, Galaxy Mall",5,1.95 km,$$··,16rb-40rb,"Galaxy Mall, Lantai G, Jl. Dharmahusada Indah Timur No. 35-37, Mulyorejo, Surabaya",10:00-21:45,10:00-21:45,10:00-21:45,10:00-21:45,10:00-21:45,10:00-21:45,10:00-21:45,https://gofood.co.id/surabaya/restaurant/dcrepes-galaxy-mall-0ab78d2d-30a7-4acb-a8f2-f3e36557f047,2025-07-04 21:31:07
"Igor's Pastry, Ranch Market Galaxy Mall",4.6,1.95 km,$$$·,40rb-100rb,"Ranch Market Galaxy Mall, Jl. Dharmahusada Indah Timur, Mulyorejo, Surabaya",10:00-21:30,10:00-21:30,10:00-21:30,10:00-21:30,10:00-21:30,10:00-21:30,10:00-21:30,https://gofood.co.id/surabaya/restaurant/igor-s-pastry-ranch-market-galaxy-mall-6f96e5e9-1515-4d7a-b595-8ecf3617e65b,2025-07-04 21:31:34
"Ta Wan, Galaxy Mall",4.8,1.97 km,$$$·,40rb-100rb,"Galaxy Mall, Lantai 4, Jl. Dharmahusada Indah Timur No. 35-37, Mulyorejo, Surabaya",10:00-21:30,10:00-21:30,10:00-21:30,10:00-21:30,10:00-21:30,10:00-21:30,10:00-21:30,https://gofood.co.id/surabaya/restaurant/ta-wan-galaxy-mall-7d1077dc-6774-4dcb-b350-45679d8430e7,2025-07-04 21:31:58
"Coffee Bean & Tea Leaf, Galaxy Mall",4.2,1.98 km,$$$·,40rb-100rb,"Galaxy Mall, Lantai Lower Ground, Jl. Dharmahusada Indah Timur No. 35-37, Mulyorejo, Surabaya",10:00-21:30,10:00-21:30,10:00-21:30,10:00-21:30,10:00-21:30,10:00-21:30,10:00-21:30,https://gofood.co.id/surabaya/restaurant/coffee-bean-tea-leaf-galaxy-mall-08a9341a-7caf-403f-b3bb-04636fdbc48a,2025-07-04 21:32:31
"Wok Noodle, Galaxy Mall",4.8,1.98 km,$$$·,40rb-100rb,"Galaxy Mall, Lantai 2, Jl. Dharmahusada Indah, Mulyorejo, Surabaya",10:00-21:45,10:00-21:45,10:00-21:45,10:00-21:45,10:00-21:45,10:00-21:45,10:00-21:45,https://gofood.co.id/surabaya/restaurant/wok-noodle-galaxy-mall-80448fd3-2486-4345-b03b-ad2578e49e2c,2025-07-04 21:32:54
"Baskin Robbins, Galaxy Mall",4.6,1.99 km,$$$$,Diatas 100rb,"Galaxy Mall, Lantai 2, Jl. Dharmahusada Indah Timur, Mulyorejo No. 35-37, Surabaya",10:00-21:30,10:00-21:30,10:00-21:30,10:00-21:00,10:00-21:30,10:00-21:30,10:00-21:30,https://gofood.co.id/surabaya/restaurant/baskin-robbins-galaxy-mall-d6c1a9ab-6e65-4a84-b1ca-e27d92ccdfff,2025-07-04 21:33:24
A&W Mall Galaxy,4.7,1.99 km,$$$·,40rb-100rb,"Galaxy Mall, Lantai 3, Jl. Dharmahusada Indah Timur No. 35-37, Mulyorejo, Surabaya",10:00-22:00,10:00-22:00,10:00-22:00,10:00-22:00,10:00-22:00,10:00-22:00,10:00-22:00,https://gofood.co.id/surabaya/restaurant/a-w-mall-galaxy-1d6be113-721f-44c0-aa9d-219aad544d46,2025-07-04 21:33:51
"Pizza Hut Ristorante, Galaxy Mall Dua",3.4,2.01 km,$$$$,Diatas 100rb,"Galaxy Mall, Lantai Dasar, Jl. Darmahusada Indah Timur 37, Mulyorejo, Surabaya",10:00-21:45,10:00-21:45,10:00-21:45,10:00-21:45,10:00-21:45,10:00-21:45,10:00-21:45,https://gofood.co.id/surabaya/restaurant/pizza-hut-ristorante-galaxy-mall-dua-2628ad9d-ba67-4ddc-bb51-55d3f6fecb20,2025-07-04 21:34:18
"Spesial Belut Surabaya, Kapas Krampung",4.5,2.03 km,$$$·,40rb-100rb,"Jl. Kapas Krampung No. 154, Tambaksari, Surabaya",10:00-21:45,10:00-21:45,10:00-21:45,10:00-22:00,10:00-21:45,11:00-21:45,11:00-21:45,https://gofood.co.id/surabaya/restaurant/spesial-belut-surabaya-kapas-krampung-2cad2fa1-f1b3-43a6-a484-57f8747c04d4,2025-07-04 21:34:47
"Warung Sasak, Mulyosari",5,2.03 km,$$··,16rb-40rb,"Jl. Mulyosari Raya No. 142, Mulyorejo, Surabaya",17:30-23:59,17:30-23:59,17:30-23:59,17:30-23:59,17:30-23:59,17:30-23:59,17:30-23:59,https://gofood.co.id/surabaya/restaurant/warung-sasak-mulyosari-12309511-6d78-4b94-94b9-cd2acdebd2b1,2025-07-04 21:35:20
"Kebab Turki Baba Rafi, Mulyosari",4.7,2.03 km,$$$·,40rb-100rb,"Teras Alfamart, Jl. Mulyosari Raya No. 99, Mulyorejo, Surabaya",14:00-22:00,14:00-22:00,14:00-22:00,14:00-22:00,14:00-22:00,14:00-22:00,14:00-22:00,https://gofood.co.id/surabaya/restaurant/kebab-turki-baba-rafi-mulyosari-c2448e18-0ff3-4171-936c-3fbf4d8d33a4,2025-07-04 21:35:45
"Tahu & Ronde Kitty, Mulyosari",5,2.03 km,$$··,16rb-40rb,"Jl. Mulyosari Raya No. 99 C, Mulyorejo, Surabaya",10:00-22:00,09:30-22:00,09:30-22:00,09:30-22:00,09:30-22:00,09:30-22:00,09:30-22:00,https://gofood.co.id/surabaya/restaurant/tahu-ronde-kitty-mulyosari-460d92f2-2796-4d11-8192-cb7f10cee180,2025-07-04 21:36:14
"HokBen, Galaxy Mall",4.9,2.03 km,$$$·,40rb-100rb,"Galaxy Mall, Lantai 2, Jl. Dharmahusada Indah Timur No. 35-37, Mulyorejo, Surabaya",09:45-21:45,09:45-21:45,09:45-21:45,09:45-21:45,10:30-21:45,09:45-21:45,09:45-21:45,https://gofood.co.id/surabaya/restaurant/hokben-galaxy-mall-68c033e4-64e4-44cb-934c-55e9057e6f7d,2025-07-04 21:36:49
"Anugrah Penyetan Sambel Uleg, Karang Menjangan",4.4,2.07 km,$$··,16rb-40rb,"Jl. Karang Menjangan 1B No. 56, Gubeng, Surabaya",00:00-23:59,00:00-23:59,00:00-23:59,00:00-23:59,00:00-23:59,00:00-23:59,00:00-23:59,https://gofood.co.id/surabaya/restaurant/anugrah-penyetan-sambel-uleg-karang-menjangan-80c45b67-1882-465e-bedc-79a978dfa9e3,2025-07-04 21:37:23
"Bebek Hitam Bu Farida, Pacar Keling",4.6,2.08 km,$$$·,40rb-100rb,"Jl. Pacarkeling 8 No. 20, Tambaksari, Surabaya",09:00-22:00,09:00-22:00,09:00-22:00,09:00-22:00,09:00-22:00,09:00-22:00,09:00-22:00,https://gofood.co.id/surabaya/restaurant/bebek-hitam-bu-farida-pacar-keling-8708e80f-3810-4923-bac4-d5e4dbc70101,2025-07-04 21:37:56
"Pizza Hut Delivery - PHD, Kapas Krampung",4.8,2.11 km,$$$$,Diatas 100rb,"Jl. Kapas Krampung Raya No. 67B, Tambaksari, Surabaya",08:00-23:59,08:00-23:59,08:00-23:59,08:00-23:59,08:00-23:59,08:00-23:59,08:00-23:59,https://gofood.co.id/surabaya/restaurant/pizza-hut-delivery-phd-kapas-krampung-0efec3ad-2cba-4c0c-a21f-8d39d6771e4a,2025-07-04 21:38:29
"Dcrepes, Ruko Mulyosari",5,2.14 km,$$··,16rb-40rb,"Kompleks Central Park, Ruko Mulyosari, Blok AA No. 9, Jl. Mulyosari Raya No. 9, Mulyorejo, Surabaya",09:00-21:45,09:00-21:45,09:00-21:45,09:00-21:45,09:00-21:45,09:00-21:45,09:00-21:45,https://gofood.co.id/surabaya/restaurant/dcrepes-ruko-mulyosari-3bf438fc-8b3e-435b-969a-872e5d27b6db,2025-07-04 21:39:04
"Ayam Goreng Bakar Gokar Kencana, Mulyorejo",4.7,2.15 km,$$$·,40rb-100rb,"Jl. Sutorejo Utara 9 No. 33, Mulyorejo, Surabaya",08:00-22:00,08:00-22:00,08:00-22:00,08:00-22:00,08:00-22:00,08:00-22:00,08:00-22:00,https://gofood.co.id/surabaya/restaurant/ayam-goreng-bakar-gokar-kencana-mulyorejo-68ab6364-e501-430d-8235-9550f9fd1e76,2025-07-04 21:39:35
"KFC, Mulyosari Surabaya",4.8,2.16 km,$$$·,40rb-100rb,"Jl. Mulyosari Raya No. 121, Mulyorejo, Surabaya",00:00-03:00 & 08:00-23:30,08:00-22:30,08:00-22:30,08:00-22:30,08:00-22:30,07:00-23:30,00:00-03:00 & 07:00-23:30,https://gofood.co.id/surabaya/restaurant/kfc-mulyosari-surabaya-b473f023-0a0a-4ef7-b4d1-990e5fe3152f,2025-07-04 21:40:07
"McDonald's, Mulyosari Surabaya",4.7,2.19 km,$$$·,40rb-100rb,"Ruko Central Park, Jl. Mulyosari Raya, Mulyorejo, Surabaya",00:00-23:59,00:00-23:59,00:00-23:59,00:00-23:59,00:00-23:59,00:00-23:59,00:00-23:59,https://gofood.co.id/surabaya/restaurant/mcdonald-s-mulyosari-surabaya-ca43fc5b-5916-4d9b-9a90-a900389fc2a8,2025-07-04 21:40:46
"Martabak & Terang Bulan ""Aliung"" Asli Bangka, Mulyosari Raya",4.8,2.37 km,$$$·,40rb-100rb,"Jl. Mulyosari Raya No. 336, Mulyorejo, Surabaya",17:15-22:15,17:15-22:15,17:15-22:15,17:15-22:15,17:15-22:15,17:15-22:15,17:15-22:15,https://gofood.co.id/surabaya/restaurant/martabak-terang-bulan-aliung-asli-bangka-mulyosari-raya-f4390f1a-3d30-4417-9347-f69e46d391a0,2025-07-04 21:41:22
"Dapur Laut Gobar, Mulyorejo",4.8,2.42 km,$$··,16rb-40rb,"Jl. Mulyosari Raya No.169A, Mulyorejo, Surabaya",17:30-23:59,17:30-23:59,17:30-23:59,17:30-23:59,17:30-23:59,17:30-23:59,17:30-23:59,https://gofood.co.id/surabaya/restaurant/dapur-laut-gobar-mulyorejo-a06effc2-f603-48e2-809f-7e5631c1b25f,2025-07-04 21:41:57
"Angsle Ronde Bondowoso Bp. Suhartono, Jl. Raya Dharmahusada",4.9,2.45 km,$$··,16rb-40rb,Jl. Raya Dharmahusada Indah No 128 Surabaya,16:30-23:00,17:00-23:59,17:00-23:00,16:45-23:00,17:00-23:00,17:00-23:15,Tutup,https://gofood.co.id/surabaya/restaurant/angsle-ronde-bondowoso-bp-suhartono-jl-raya-dharmahusada-8646b2dc-66f1-4236-b8dc-fc21c6ef5b61,2025-07-04 21:42:20
"Penyetan Cok, Kaza Mall",3.8,2.48 km,$$$·,40rb-100rb,"Kaza Mall, Jl. Kapas Krampung, Simokerto, Surabaya",10:00-21:30,10:00-21:30,10:00-21:30,10:00-21:30,10:00-21:30,10:00-21:30,10:00-21:30,https://gofood.co.id/surabaya/restaurant/penyetan-cok-kaza-mall-5cb9c28f-b3db-4d85-a95c-3b4eee8b58eb,2025-07-04 21:42:52
"Gepruk Geprek, Gubeng",4.7,2.51 km,$$··,16rb-40rb,"Jl. Karang Menjangan No. 112, Gubeng, Surabaya",09:00-22:00,09:00-22:00,09:00-22:00,09:00-22:00,09:00-11:15 & 12:45-23:00,09:00-22:00,09:00-22:00,https://gofood.co.id/surabaya/restaurant/gepruk-geprek-gubeng-d3db0066-260c-4706-9d02-4397bf286e71,2025-07-04 21:43:18
"369 Shanghai, Manyar Kertoarjo",4.9,2.56 km,$$$·,40rb-100rb,"Jl. Manyar Kertoarjo, Gang 5 No. 16, Gubeng, Surabaya",10:00-21:30,10:00-21:30,10:00-21:30,10:00-21:30,10:00-21:30,10:00-21:30,10:00-21:30,https://gofood.co.id/surabaya/restaurant/369-shanghai-manyar-kertoarjo-dab7bf3e-5f30-4ae2-94a3-d5e16682cd64,2025-07-04 21:43:48
"Pangsit Mie Ayam dan Bakwan Saudara Malang Cak Wie, Srikana Timur",4.6,2.62 km,$$··,16rb-40rb,"Jl. Srikana Timur No. 34, Gubeng, Surabaya",00:00-23:59,00:00-23:59,00:00-23:59,00:00-23:59,00:00-23:59,00:00-23:59,00:00-23:59,https://gofood.co.id/surabaya/restaurant/pangsit-mie-ayam-dan-bakwan-saudara-malang-cak-wie-srikana-timur-6ce4019b-0bba-407b-b965-d37f416b5bd3,2025-07-04 21:44:17
"KFC, Manyar Kertoarjo",5,2.62 km,$$$·,40rb-100rb,"Jl. Manyar Kertoarjo No. 92-94, Mulyorejo, Surabaya",08:00-22:00,08:00-22:00,08:00-22:00,07:00-23:00,07:00-23:00,07:00-23:00,07:00-23:00,https://gofood.co.id/surabaya/restaurant/kfc-manyar-kertoarjo-b4c693d8-5ef4-44da-b2ec-ca42916374cc,2025-07-04 21:44:51
"Ikan Bakar Cianjur, Manyar Kertoarjo",4.9,2.63 km,$$$·,40rb-100rb,"Jl. Manyar Kertoarjo 5 No. 44-48, Gubeng, Surabaya",10:00-21:45,10:00-21:45,10:00-21:45,10:00-21:45,10:00-21:45,10:00-21:45,10:00-21:45,https://gofood.co.id/surabaya/restaurant/ikan-bakar-cianjur-manyar-kertoarjo-9c5cdc95-2144-4147-a892-048d6f304c47,2025-07-04 21:45:23
"Fajar Chinese Restaurant, Manyar",4.7,2.64 km,$$$·,40rb-100rb,"Jl. Manyar Kertoajo 5 No. 45 - 47, Mulyorejo, Surabaya",07:00-21:30,07:00-21:30,07:00-21:30,07:00-21:30,07:00-21:30,07:00-21:30,07:00-21:30,https://gofood.co.id/surabaya/restaurant/fajar-chinese-restaurant-manyar-f96257a7-1fb9-4cb9-b7af-b725aba0ea15,2025-07-04 21:45:54
"Steak Hut, Mulyorejo",5,2.65 km,$$$·,40rb-100rb,"Jl. Manyar Kertoarjo No. 80, Mulyorejo, Surabaya",07:00-21:30,07:00-21:30,07:00-21:30,07:00-21:30,07:00-21:30,07:00-21:30,07:00-21:30,https://gofood.co.id/surabaya/restaurant/steak-hut-mulyorejo-80d7f1df-d9af-4332-b9a7-080a555ddcff,2025-07-04 21:46:28
"Bakso Kepala Sapi dan Mie Ayam Juara, Klampis Jaya",4.2,2.67 km,$$··,16rb-40rb,"Jl. Klampis Jaya No. 47C, Sukolilo, Surabaya",10:00-21:45,10:00-21:45,10:00-21:45,10:00-21:45,10:00-21:45,10:00-21:45,10:00-21:45,https://gofood.co.id/surabaya/restaurant/bakso-kepala-sapi-dan-mie-ayam-juara-klampis-jaya-1bbdcfb2-d1f0-4b0d-a99a-e898b3cd3443,2025-07-04 21:46:53
"Panties Pizza, Klampis",4.9,2.67 km,$$$·,40rb-100rb,"Jl. Mleto No. 42C, Sukolilo, Surabaya",11:00-22:00,11:00-22:00,11:00-22:00,11:00-22:00,13:00-22:00,11:00-22:00,11:00-22:00,https://gofood.co.id/surabaya/restaurant/panties-pizza-klampis-9b85d00d-ba4e-47e2-95ea-abd3e018a26c,2025-07-04 21:47:28
"Martabak & Terang Bulan Holland, Manyar Kertoarjo",4.7,2.7 km,$$$$,Diatas 100rb,"Jl. Manyar Ketoarjo V No. 69, Mulyorejo, Surabaya",10:30-23:00,10:30-23:00,10:30-23:00,10:30-23:00,10:30-23:00,10:30-23:00,10:30-23:00,https://gofood.co.id/surabaya/restaurant/martabak-terang-bulan-holland-manyar-kertoarjo-b1db723d-c71b-4a0c-8f91-bec16e17c7a2,2025-07-04 21:48:00
"Ayam Bakar Primarasa, Manyar Kertoarjo",4.9,2.71 km,$$$·,40rb-100rb,"Jl. Manyar Kertoarjo No. 68-70, Mulyorejo, Surabaya",07:00-21:45,07:00-21:45,07:00-21:45,07:00-21:45,07:00-21:45,07:00-21:45,07:00-21:45,https://gofood.co.id/surabaya/restaurant/ayam-bakar-primarasa-manyar-kertoarjo-22e57c6f-370f-4469-bdbe-ca6dff7acec9,2025-07-04 21:48:33
"Pizza Hut, Manyar Kertoarjo",4.9,2.71 km,$$$$,Diatas 100rb,"Jl. Manyar Kertoajo No. 2, Mulyorejo, Surabaya",08:00-23:00,08:00-23:00,08:00-23:00,08:00-23:00,08:00-23:00,08:00-23:00,08:00-23:00,https://gofood.co.id/surabaya/restaurant/pizza-hut-manyar-kertoarjo-e4150761-79a6-4c0e-8f1b-a4a94403fd19,2025-07-04 21:49:09
"McDonald's, Manyar Kertoarjo Surabaya",4.9,2.74 km,$$$·,40rb-100rb,"Jl. Manyar Kertoarjo No. 15, Mulyorejo, Surabaya",00:00-23:59,00:00-23:59,00:00-23:59,00:00-23:59,00:00-23:59,00:00-23:59,00:00-23:59,https://gofood.co.id/surabaya/restaurant/mcdonald-s-manyar-kertoarjo-surabaya-d90054ac-d4b8-41f5-892c-dea47d9199a8,2025-07-04 21:49:49
"Bekyu - Shao Kao & Malaxiangguo, Manyar Kertoarjo",3.5,2.81 km,$$··,16rb-40rb,"Jl. Manyar Kertoarjo No. 36, Mulyorejo, Surabaya",Tutup,15:15-23:45,15:15-23:45,15:15-23:45,15:15-23:45,15:15-23:45,15:15-23:45,https://gofood.co.id/surabaya/restaurant/bekyu-shao-kao-malaxiangguo-manyar-kertoarjo-867dad09-eeb2-42b3-a608-04991d1d51ff,2025-07-04 21:50:25
"Kebab Bosman, Gubeng",4.5,2.94 km,$$··,16rb-40rb,"Jl. Gubeng Airlangga 2 No. 9, Gubeng, Surabaya",00:00-23:59,00:00-23:59,00:00-23:59,00:00-23:59,00:00-23:59,00:00-23:59,00:00-23:59,https://gofood.co.id/surabaya/restaurant/kebab-bosman-gubeng-0361aa0e-1172-4931-8a30-ac9ddbb26e6b,2025-07-04 21:50:48
"Toby's, Kusuma Bangsa",4.7,3 km,$$$·,40rb-100rb,"Jl. Kusuma Bangsa No. 22, Genteng, Surabaya",08:00-21:45,08:00-21:45,08:00-21:45,08:00-21:45,08:00-21:45,08:00-21:45,07:45-21:45,https://gofood.co.id/surabaya/restaurant/toby-s-kusuma-bangsa-cc77b129-21e9-4465-bb81-e927d74774a7,2025-07-04 21:51:21
"Kober Mie, Kaca Piring",4.7,3 km,$$··,16rb-40rb,"Jl. Kaca Piring No. 14, Genteng, Surabaya",11:00-23:30,11:00-23:30,11:00-23:30,11:00-23:30,11:00-11:15 & 12:30-23:30,11:00-23:30,11:00-23:30,https://gofood.co.id/surabaya/restaurant/kober-mie-kaca-piring-550ce1ce-825b-460b-8a4a-b92f75fd6474,2025-07-04 21:51:58
"Martabak Gading Pecenongan, Jl. Kertajaya",4.9,3.04 km,$$$$,Diatas 100rb,"Jl. Kertajaya No. 236, Gubeng, Surabaya",16:00-23:00,16:00-23:00,16:00-23:00,16:00-23:00,16:00-23:00,15:30-23:30,16:00-23:00,https://gofood.co.id/surabaya/restaurant/martabak-gading-pecenongan-jl-kertajaya-72677bab-3b29-48a6-85da-f6aff32d3cd2,2025-07-04 21:52:28
"Ayam Bakar Primarasa, Kusuma Bangsa",4.8,3.06 km,$$$·,40rb-100rb,"Jl. Kusuma Bangsa No. 3A, Tambaksari, Surabaya",07:00-21:45,07:00-21:45,07:00-21:45,07:00-21:45,07:00-21:45,07:00-21:45,07:00-21:45,https://gofood.co.id/surabaya/restaurant/ayam-bakar-primarasa-kusuma-bangsa-a065b42f-ec82-44c1-82a8-2b0fcf91d348,2025-07-04 21:52:58
