Salary,Distance
92552.0,601
92552.0,9648
92552.0,3687
92552.0,8932
73262.0,7675
73262.0,6684
73262.0,3512
73262.0,572
73262.0,3195
63253.0,3378
63253.0,4026
63253.0,6032
91163.0,3955
91163.0,1872
70323.0,7128
70323.0,1191
76849.0,1648
76849.0,1533
69695.0,1794
69695.0,5733
69695.0,1933
69695.0,7928
63478.0,1359
63478.0,5184
63478.0,7408
54133.0,990
54133.0,11360
96269.0,7932
96269.0,9760
96269.0,11710
51667.0,3802
51667.0,3144
51667.0,1427
51667.0,3320
94440.0,4638
94440.0,1315
94440.0,4220
101933.0,2006
101933.0,564
128118.0,7362
128118.0,2013
128118.0,3252
128118.0,4632
73262.0,1734
73262.0,11740
97497.0,6174
97497.0,2432
73262.0,2193
73262.0,4734
73262.0,2462
73262.0,4692
73262.0,2132
56523.0,2189
56523.0,2061
56523.0,4251
45229.0,6978
45229.0,1068
45229.0,2890
91817.0,2734
91817.0,3534
91817.0,6340
69020.0,2000
56531.0,2462
56531.0,2744
87781.0,2085
87781.0,1477
87781.0,7014
239867.0,1042
239867.0,1272
239867.0,4384
94946.0,5845
94946.0,2512
87654.0,1835
66733.0,6513
66733.0,3402
81883.0,2282
73262.0,3825
73262.0,1574
73262.0,2013
73262.0,3826
73262.0,4602
86098.0,6768
75265.0,1968
75265.0,1860
75265.0,1906
75265.0,4437
76887.0,13704
76887.0,884
76887.0,12677
86413.0,6780
73262.0,6220
73262.0,1958
73262.0,1710
76485.0,3330
76485.0,2472
76485.0,4678
76485.0,3561
84147.0,5632
84147.0,1014
80919.0,1662
80919.0,6640
60216.0,4830
60216.0,4336
60216.0,1478
60216.0,2491
60216.0,5476
73262.0,2304
73262.0,11952
84442.0,3680
84442.0,2510
97920.0,5571
97920.0,6978
64962.0,2876
64962.0,3612
64962.0,2088
73262.0,9904
67227.0,1635
67227.0,2305
73262.0,5356
73262.0,7784
73262.0,4482
73262.0,1367
73262.0,2199
73262.0,7074
73262.0,5220
67445.0,2053
67445.0,5511
67445.0,1676
65543.0,5826
65543.0,5835
66226.0,838
66226.0,5349
66226.0,5235
86388.0,3152
86388.0,5589
90487.0,3422
103461.0,2136
52820.0,5315
52820.0,3578
75348.0,1916
75348.0,4710
75348.0,808
299560.0,6744
299560.0,3480
299560.0,2008
60894.0,7228
60894.0,12462
52405.0,7170
52405.0,3846
52405.0,1196
221857.0,679
71775.0,3480
71775.0,4539
73262.0,3330
73262.0,3290
73262.0,930
104140.0,4797
104140.0,4878
243591.0,5780
243591.0,4406
64827.0,1148
86609.0,704
86609.0,1221
60006.0,547
50930.0,1286
63326.0,4686
63326.0,1652
90265.0,6245
90265.0,2534
90265.0,2061
236405.0,6303
236405.0,18696
73262.0,6723
79727.0,1284
79727.0,4332
79727.0,3036
88863.0,3856
88863.0,879
88863.0,9396
88863.0,4524
88863.0,1853
53065.0,9600
73262.0,10805
73262.0,4554
73262.0,1732
73262.0,6775
73262.0,1400
41085.0,2492
55130.0,33312
55130.0,9354
77255.0,1928
77255.0,4200
62977.0,3450
75700.0,3720
75700.0,7089
75700.0,520
39000.0,1051
39000.0,3882
39000.0,2460
39000.0,896
39000.0,540
39000.0,2104
39000.0,3024
39000.0,1260
94980.0,6368
94980.0,1002
47889.0,1614
16628.0,1490
111106.0,2745
111106.0,4228
111106.0,2541
73262.0,9732
73262.0,1418
73262.0,510
73262.0,1596
73262.0,655
73262.0,6900
54529.0,2886
298661.0,5106
298661.0,8620
298661.0,5055
298661.0,9645
86121.0,1665
86121.0,3204
86121.0,2768
61554.0,2541
61554.0,6028
49158.0,1563
49158.0,3480
73262.0,1668
73262.0,6186
58674.0,2998
63081.0,565
67299.0,1686
67299.0,7137
67299.0,6084
55446.0,3882
55446.0,2289
81959.0,2314
86727.0,989
62780.0,808
100598.0,2906
100598.0,1738
100598.0,946
92398.0,11028
92398.0,5646
92398.0,5865
92398.0,1263
73262.0,6165
94014.0,501
240146.0,3572
240146.0,1630
87890.0,3422
64290.0,635
64290.0,3441
64290.0,7299
73262.0,7080
66901.0,2011
66901.0,742
66901.0,6675
105487.0,927
105487.0,4876
71792.0,25280
71792.0,14118
73262.0,2970
73262.0,2133
94733.0,5133
73262.0,4564
73262.0,1314
73262.0,7584
52961.0,2640
52961.0,2460
52961.0,7844
103122.0,2895
103122.0,1064
52414.0,2418
52414.0,7008
60970.0,8564
53738.0,7122
47966.0,2342
49927.0,2097
49927.0,2341
49927.0,7824
49927.0,1372
100884.0,4788
100884.0,2106
64014.0,4836
64014.0,3212
53081.0,5418
53081.0,627
81729.0,8945
81729.0,2908
98771.0,2588
73262.0,2992
73262.0,6108
57960.0,1432
57960.0,4240
81333.0,3648
69098.0,10500
69098.0,2358
69098.0,9648
73262.0,1374
84346.0,4772
84346.0,1733
81364.0,2112
73262.0,5382
73262.0,6264
58026.0,4926
89062.0,2459
89062.0,2030
73262.0,2223
73262.0,10290
73262.0,8225
57975.0,2337
89320.0,1900
81771.0,786
82365.0,22680
82365.0,10976
82365.0,11064
73262.0,6129
73262.0,7312
73262.0,1398
73262.0,1034
81901.0,3162
81901.0,9865
73262.0,1373
73262.0,1602
86244.0,2210
86244.0,1280
86244.0,703
50879.0,1604
50879.0,1402
73262.0,1722
73262.0,2365
73262.0,9580
72625.0,4413
72625.0,1840
73262.0,1795
73262.0,5337
73262.0,609
73262.0,1027
118863.0,2862
73262.0,4148
73262.0,1011
73262.0,2595
70272.0,1946
70272.0,4412
70272.0,2182
50748.0,7920
90349.0,9748
90349.0,4960
90349.0,2012
90349.0,3528
90349.0,911
58405.0,2333
85487.0,4756
85487.0,3804
53537.0,2313
53537.0,3256
53537.0,2784
77443.0,7122
77443.0,7428
185468.0,6972
185468.0,4268
185468.0,748
93073.0,2568
93073.0,2033
74413.0,4642
74413.0,4362
74413.0,10415
74413.0,2590
73262.0,9052
73262.0,5499
73262.0,3482
73262.0,7448
73262.0,959
67412.0,10695
73262.0,11520
73262.0,3876
73262.0,4956
46795.0,1460
46795.0,13974
46795.0,4323
78218.0,7156
78218.0,7545
65935.0,2388
65935.0,4182
104262.0,3232
86215.0,2268
86215.0,2230
86215.0,14400
86215.0,2638
86215.0,2000
60156.0,11150
60156.0,3678
57311.0,6813
66334.0,1158
66334.0,1490
66334.0,576
66334.0,2799
66334.0,5476
66334.0,4928
66116.0,2727
66116.0,1910
73262.0,1980
73262.0,2433
73262.0,4810
63616.0,579
63616.0,4126
63616.0,2632
233002.0,1668
233002.0,3190
233002.0,11400
233002.0,688
233002.0,584
233002.0,2226
47701.0,2870
47701.0,4872
47701.0,3292
73262.0,2626
73262.0,1779
73262.0,2572
73262.0,2256
73262.0,2792
73262.0,1374
73262.0,14682
63343.0,2964
63343.0,2271
63343.0,2792
61482.0,659
61482.0,1893
78649.0,554
78649.0,2141
88044.0,8400
80516.0,3388
72888.0,2113
72888.0,609
68653.0,3980
68653.0,4314
68653.0,2973
68653.0,7940
68653.0,4944
104829.0,3692
73262.0,3824
73262.0,2616
73262.0,4446
73262.0,2409
73262.0,7016
47036.0,3075
47987.0,518
47987.0,4378
47987.0,920
73262.0,3789
73262.0,6855
73262.0,2691
73262.0,3528
73262.0,3890
134476.0,2556
134476.0,3450
59753.0,2073
59753.0,3468
59753.0,1713
101354.0,2149
101354.0,1450
101354.0,3384
57148.0,4605
57148.0,510
58414.0,1533
58414.0,2014
73262.0,2203
221857.0,4908
221857.0,7520
221857.0,4388
221857.0,5145
221857.0,3678
221857.0,3048
221857.0,4272
73262.0,7576
50797.0,6072
95967.0,3174
-10605.0,49320
101038.0,8830
101038.0,4899
101038.0,5553
80218.0,927
71498.0,1223
71498.0,833
54096.0,5720
54096.0,7408
54096.0,542
56700.0,2012
56700.0,4882
56700.0,743
56700.0,3576
56700.0,3210
73262.0,728
101599.0,8224
50072.0,4386
50072.0,2538
62706.0,3444
62706.0,11766
62706.0,2168
95638.0,902
95638.0,7524
95638.0,2788
65838.0,1596
72583.0,7940
92144.0,1728
92144.0,2244
92144.0,1039
92144.0,5472
299899.0,8896
87262.0,2820
87262.0,1732
55066.0,6252
55066.0,4305
55066.0,5289
55144.0,7152
55144.0,1326
55144.0,5644
69803.0,9132
52528.0,1452
96798.0,3880
96798.0,7430
96798.0,3411
47178.0,679
47178.0,5260
73262.0,7368
73262.0,7548
73262.0,2220
73262.0,2424
73262.0,3558
53563.0,1379
53563.0,4752
53563.0,15448
53563.0,14300
53563.0,7344
67024.0,2050
97704.0,4984
97704.0,11840
97704.0,2239
59917.0,2084
59917.0,6060
59917.0,3420
59917.0,2443
59917.0,1268
75996.0,23928
81063.0,2336
81063.0,1988
81063.0,535
73262.0,1984
98844.0,1992
98844.0,11290
98844.0,4340
78268.0,7089
78268.0,8396
78268.0,5727
78268.0,890
48896.0,8766
48896.0,7854
48896.0,6615
48896.0,3120
48896.0,4778
198691.0,3972
91239.0,1137
73262.0,3790
51923.0,3376
50847.0,17100
61008.0,9670
73262.0,1448
62006.0,4168
62006.0,882
62006.0,10000
73262.0,6080
73262.0,4394
73262.0,5913
73262.0,5748
53925.0,8264
53925.0,3018
53925.0,4350
56130.0,1256
73262.0,9644
74544.0,6068
74544.0,3510
67862.0,5240
67862.0,5982
67862.0,1694
69835.0,5160
297762.0,627
297762.0,4218
297762.0,2768
297762.0,1534
73262.0,2456
73262.0,5898
73262.0,2040
73262.0,6172
81276.0,6174
53166.0,1089
53166.0,2016
114838.0,11694
73262.0,14380
66055.0,1034
66055.0,10065
73262.0,7305
73262.0,615
65690.0,3352
65690.0,3885
65690.0,806
50013.0,3354
56411.0,2407
56411.0,11005
58623.0,2532
73262.0,4242
65324.0,2480
80919.0,7016
80919.0,4268
97949.0,3048
97949.0,2278
73262.0,2369
73262.0,9770
73262.0,3093
73262.0,1928
62537.0,3855
62537.0,2275
73262.0,1564
73455.0,7179
73455.0,2493
74123.0,934
74123.0,6332
74123.0,2281
69278.0,4620
69278.0,1099
76456.0,3291
76456.0,9096
53016.0,2311
53016.0,3234
95061.0,3690
63228.0,1644
65986.0,10734
65986.0,5346
65986.0,6212
65986.0,6516
56193.0,3428
85447.0,4495
84551.0,4620
83189.0,3284
113785.0,2168
58612.0,3672
299560.0,1362
56759.0,10510
56759.0,4128
56759.0,2076
101393.0,8228
67059.0,2040
67059.0,2502
73218.0,2796
73218.0,10425
73218.0,2210
74727.0,6116
89345.0,2278
102601.0,2497
102601.0,6879
102601.0,6256
102601.0,4418
49927.0,4118
73262.0,6984
73262.0,3568
97537.0,2084
97537.0,10505
62063.0,1864
78434.0,4293
78434.0,1116
64760.0,3055
64760.0,5652
101984.0,9492
49512.0,4778
49512.0,5928
49512.0,3144
49512.0,3774
58178.0,4936
58178.0,15463
58178.0,1035
92223.0,7588
78830.0,5487
78830.0,1112
78830.0,1190
73262.0,2245
73262.0,2610
85880.0,4983
85880.0,6036
85880.0,1890
100776.0,3327
100776.0,882
100776.0,2102
100776.0,1617
100776.0,9624
70946.0,1150
65997.0,1456
65997.0,3090
65997.0,7002
65997.0,2610
65997.0,1884
68785.0,4989
68785.0,3330
74522.0,2340
74522.0,750
229165.0,1072
229165.0,3728
229165.0,9895
73262.0,3605
73262.0,5260
64588.0,2865
64588.0,4437
51591.0,7080
51591.0,4128
85235.0,1749
85235.0,540
85235.0,944
73262.0,5175
73262.0,2474
63970.0,15897
63970.0,917
63970.0,2105
64417.0,2368
64417.0,4866
64417.0,2268
64417.0,3818
64854.0,1815
73262.0,2344
73262.0,8952
73262.0,2094
74870.0,6340
74870.0,5745
92999.0,8950
70254.0,1233
70254.0,5217
70254.0,5100
64046.0,5412
64046.0,1148
88198.0,7062
47021.0,6300
47021.0,2064
47021.0,4960
47021.0,7480
73602.0,5505
73602.0,1731
73602.0,3020
73602.0,2386
73602.0,4563
51476.0,7065
51476.0,2312
51476.0,5157
51476.0,2262
51476.0,4293
51476.0,1367
73262.0,2192
73262.0,1704
73262.0,5013
73262.0,1597
73262.0,1592
73262.0,6825
77542.0,9120
77542.0,774
77542.0,3954
73262.0,2307
73262.0,2108
73262.0,3212
99537.0,6645
80289.0,973
91817.0,2331
91817.0,2505
91817.0,1276
73262.0,1113
73262.0,3126
64046.0,10050
64046.0,2814
73262.0,3212
73262.0,7640
73262.0,7326
73262.0,3735
74090.0,4070
74090.0,4696
73262.0,9164
73262.0,1687
76396.0,3892
76396.0,678
73262.0,828
73262.0,4864
73262.0,1650
73262.0,2209
73262.0,2326
73262.0,3201
48636.0,5991
51775.0,5380
51775.0,7085
51775.0,4452
51775.0,8164
73262.0,1763
73262.0,10416
73262.0,3704
87747.0,1580
87747.0,2949
87747.0,4266
73262.0,2379
73262.0,5553
73262.0,7068
73262.0,9848
73262.0,3984
73262.0,4312
73262.0,532
68641.0,2360
73262.0,547
73262.0,1121
73262.0,4362
73262.0,4815
73262.0,2908
62259.0,2484
95606.0,2184
95606.0,7936
94052.0,5271
94052.0,4826
78617.0,1330
78617.0,6576
73262.0,2928
73262.0,718
73262.0,8060
73262.0,4398
73262.0,1221
73262.0,6582
63103.0,1026
166533.0,3808
166533.0,9396
84015.0,3210
84015.0,4022
84015.0,3812
84015.0,4968
88458.0,1633
88458.0,2425
73262.0,1595
73262.0,3000
73262.0,1116
80194.0,860
56594.0,3918
127574.0,6732
68157.0,3532
68157.0,1330
68157.0,3144
68157.0,1820
75663.0,5550
75663.0,3504
83990.0,2329
83990.0,3068
73262.0,1731
73262.0,1547
73262.0,4191
73262.0,6642
73262.0,4956
73262.0,2160
73262.0,4716
64417.0,1842
73262.0,6140
73262.0,6279
94052.0,6414
94052.0,2350
76837.0,1362
52302.0,3306
60648.0,6915
60648.0,4068
68180.0,2560
60295.0,1289
60295.0,2145
76652.0,1515
74470.0,2102
74470.0,7308
74470.0,4450
74470.0,1584
74470.0,1904
73262.0,2012
73262.0,7158
73262.0,5112
73262.0,2316
79207.0,1446
79207.0,8270
79207.0,1854
79207.0,1053
92859.0,4190
92859.0,5740
92259.0,12090
92259.0,816
84922.0,2344
73262.0,2234
61565.0,36345
50800.0,2751
50800.0,5775
50800.0,3310
50800.0,4251
55173.0,5367
55173.0,6968
55173.0,2368
72027.0,7389
72027.0,3201
73262.0,4688
73262.0,6804
92516.0,2968
92516.0,2031
59622.0,5697
59622.0,4965
59622.0,2221
54851.0,4191
54851.0,3390
54851.0,2048
54851.0,4770
54851.0,5496
73262.0,1116
73262.0,7035
73796.0,6135
73796.0,2184
73796.0,5559
73796.0,11160
74882.0,1543
74882.0,4182
74882.0,4260
74882.0,9644
52428.0,6852
52428.0,1319
52428.0,8996
52428.0,5400
63015.0,2637
63015.0,6378
63015.0,4174
55406.0,2196
55406.0,4536
55406.0,5226
65871.0,3573
65871.0,13314
74027.0,1821
74027.0,7266
65885.0,3783
105487.0,4910
105487.0,2763
64701.0,7960
64042.0,1798
64042.0,1710
47030.0,4400
47030.0,3084
47030.0,1396
89548.0,4371
89548.0,1100
54550.0,2928
102400.0,1828
92766.0,1657
92766.0,2730
92766.0,1327
73262.0,2463
57706.0,4221
78100.0,4240
58711.0,838
58711.0,2658
64141.0,1794
64141.0,564
64141.0,8584
80720.0,5052
74825.0,9550
74825.0,3564
74825.0,2160
93936.0,2949
100113.0,3705
100113.0,4850
100113.0,4770
48636.0,1401
48636.0,2552
48636.0,2824
48636.0,1316
75990.0,3044
75990.0,2256
75990.0,3922
75990.0,1622
171815.0,7780
171815.0,1517
171815.0,1446
59537.0,598
59537.0,2158
59537.0,7014
77701.0,4268
77701.0,3866
77701.0,2028
73262.0,2878
73262.0,9976
73262.0,1971
48421.0,3278
48421.0,5208
73262.0,6272
73262.0,3716
73262.0,2385
73262.0,9468
33784.0,10212
62527.0,9504
62527.0,24256
100817.0,4824
100817.0,837
100817.0,7395
73262.0,7095
73262.0,8392
73262.0,1340
73262.0,1364
78248.0,4160
75318.0,1742
75318.0,1388
75318.0,5992
75318.0,556
75318.0,3654
75318.0,2089
86484.0,2808
86484.0,1805
86484.0,3968
73262.0,1362
61951.0,881
61951.0,1981
62681.0,2550
62681.0,2816
73262.0,5505
73262.0,2450
73262.0,622
75827.0,6780
75827.0,7688
65565.0,1299
78573.0,4396
67497.0,1941
59377.0,1031
59377.0,3698
73262.0,5648
76410.0,9872
95040.0,1082
95040.0,1515
87293.0,1582
87293.0,3458
88089.0,2484
88089.0,3550
88089.0,2482
51362.0,2352
51362.0,15561
73262.0,930
73262.0,4264
84851.0,4528
73262.0,7374
73262.0,11575
73262.0,3900
73262.0,3386
73262.0,12025
97497.0,6672
91156.0,1409
91156.0,2384
91156.0,8852
91156.0,3425
91156.0,6180
94584.0,6656
94584.0,4884
73262.0,6594
80398.0,3834
80398.0,8872
80398.0,3291
73262.0,7197
73262.0,4124
73262.0,1128
73262.0,9870
73262.0,5796
52545.0,8590
52545.0,2013
52545.0,2068
68601.0,1167
63871.0,6224
63871.0,1652
63871.0,896
78830.0,9380
78830.0,2366
78830.0,4635
47595.0,2910
47595.0,1436
47595.0,2601
48333.0,2880
48333.0,560
48333.0,2355
61984.0,5772
61984.0,5215
78672.0,4530
78672.0,6188
73262.0,3598
73262.0,5367
80541.0,1600
73262.0,1572
73262.0,1112
73262.0,10410
73262.0,1836
73262.0,1697
92131.0,1226
61850.0,2166
61850.0,4790
103122.0,3501
103379.0,3546
103379.0,524
103379.0,3024
54104.0,1270
54104.0,1782
73262.0,2147
73262.0,2036
73262.0,4834
99748.0,3164
73262.0,1920
73262.0,894
73262.0,1337
73262.0,2052
73262.0,2356
68626.0,9092
53269.0,2244
53269.0,9865
53269.0,5514
53269.0,1504
99286.0,762
47424.0,3466
47424.0,2125
47424.0,3440
55110.0,5855
55110.0,3716
88445.0,2740
88445.0,5496
99788.0,5425
99788.0,595
99788.0,2536
99788.0,1681
99788.0,1082
21249.0,2643
21249.0,3700
73262.0,1601
73262.0,12430
76248.0,1570
76248.0,1062
76248.0,4908
76248.0,882
76248.0,4167
73262.0,4227
73262.0,1654
73262.0,940
73262.0,951
48464.0,3525
73262.0,1487
73262.0,2253
73262.0,1898
70787.0,6672
70787.0,4904
70787.0,3210
57870.0,2584
57870.0,3382
73262.0,3945
73262.0,1711
73262.0,11440
77198.0,1566
77198.0,5804
77198.0,2169
67819.0,1617
67819.0,4804
90709.0,6676
52985.0,7776
67697.0,4101
67697.0,1045
67697.0,673
57020.0,1272
57020.0,3774
57020.0,3162
57020.0,1638
61253.0,5595
61253.0,3368
61253.0,1033
64791.0,5772
64791.0,1926
73262.0,3090
70256.0,7975
89170.0,11315
77116.0,1923
77116.0,2740
77116.0,4353
83393.0,1451
83393.0,6237
47802.0,14046
47802.0,4032
47802.0,5505
47802.0,4956
62748.0,1297
46607.0,3458
73262.0,2055
73262.0,692
73262.0,1746
72013.0,2092
72013.0,3531
70018.0,2085
57235.0,7209
57235.0,1207
57235.0,1396
72896.0,866
72896.0,3380
72896.0,1380
72896.0,2979
72896.0,1993
73262.0,5380
67223.0,4910
67223.0,5925
67223.0,2040
87722.0,1726
73262.0,672
54139.0,4956
54139.0,1835
54139.0,586
105199.0,3314
105199.0,862
79644.0,5130
79644.0,3792
123841.0,7255
123841.0,3162
123841.0,5760
81816.0,1169
81816.0,1355
81816.0,6910
112860.0,9204
112860.0,8008
48042.0,3428
96814.0,4378
96814.0,3207
78830.0,2604
78830.0,1125
78830.0,1159
88724.0,3442
88724.0,8484
83773.0,1785
83773.0,1538
73262.0,9426
90168.0,4824
90168.0,1456
73262.0,3404
73262.0,2061
79046.0,7420
79046.0,13068
51251.0,3764
86057.0,9956
86057.0,7227
76958.0,4740
76958.0,2482
76958.0,1746
73262.0,1335
58210.0,1910
59009.0,1572
59009.0,12990
59009.0,4569
59009.0,2058
59009.0,10655
78483.0,2300
78483.0,2064
73262.0,6846
73262.0,1761
73262.0,2712
73262.0,6388
73262.0,4940
86067.0,534
97241.0,1863
97241.0,5408
97241.0,1463
97241.0,7812
97241.0,5985
86214.0,6378
63348.0,5613
73262.0,4940
73262.0,1680
55552.0,2348
46896.0,1677
46896.0,2414
46896.0,4648
46896.0,1866
46896.0,661
61968.0,4638
68279.0,3255
68279.0,3054
73262.0,1991
73262.0,6822
73262.0,3764
73262.0,25752
54871.0,1009
54871.0,12500
57150.0,653
57150.0,7880
65620.0,1191
69805.0,6390
69805.0,3310
63025.0,3816
63025.0,2080
77615.0,9736
94584.0,3654
94584.0,1788
94584.0,2331
66023.0,2376
66023.0,686
73262.0,2454
73262.0,3992
73262.0,9960
73262.0,2294
103804.0,4554
103804.0,1935
103804.0,6321
46781.0,1138
46781.0,820
46781.0,7690
85717.0,3222
85717.0,6644
85717.0,2634
90241.0,3144
73262.0,8952
73219.0,6836
74587.0,4083
74587.0,6490
74587.0,3530
74587.0,4812
101984.0,3492
101984.0,2172
76159.0,1483
76159.0,3862
100918.0,6669
100918.0,5037
73262.0,6135
100483.0,13230
100483.0,4497
100483.0,4696
100483.0,1202
100483.0,528
73262.0,6801
73262.0,2455
49618.0,1510
49618.0,3356
74375.0,4870
74375.0,1208
62202.0,6858
62202.0,6876
77192.0,9900
77192.0,5526
77192.0,6462
72506.0,1825
72506.0,9916
72506.0,6604
72506.0,2197
88028.0,2479
69406.0,1956
82675.0,3495
72656.0,781
73262.0,1228
73262.0,1938
73262.0,5214
73262.0,3668
59691.0,715
59691.0,2038
59691.0,3212
59691.0,4128
70085.0,2886
70085.0,895
104527.0,2415
104527.0,3140
104527.0,2252
104527.0,1717
104527.0,5433
123828.0,6960
123828.0,5435
147572.0,2435
147572.0,2193
147572.0,3834
76517.0,1032
76517.0,7472
73262.0,1845
73262.0,4755
95713.0,10490
95713.0,5532
95713.0,3512
67765.0,2381
70285.0,2390
70285.0,2317
76622.0,2448
57150.0,19920
57150.0,16575
87485.0,5292
87485.0,4118
87485.0,5368
97324.0,1526
97324.0,6368
97324.0,1646
76256.0,2367
76256.0,1614
76256.0,1468
76256.0,2352
79106.0,3816
73262.0,3699
73262.0,8828
73262.0,1096
73262.0,3048
180440.0,3204
180440.0,2216
180440.0,6258
180440.0,1720
59490.0,3080
59490.0,6933
97497.0,3702
73262.0,526
93278.0,1081
93278.0,906
59849.0,4560
73262.0,9176
73262.0,2712
73262.0,1972
61070.0,1904
61070.0,7664
61070.0,3072
91825.0,1874
73262.0,4248
54188.0,4940
73262.0,14063
73262.0,1539
52213.0,1581
52213.0,6315
52213.0,6489
46904.0,4786
97100.0,2616
97100.0,10820
106899.0,4568
106899.0,2351
106899.0,2853
74651.0,1858
74651.0,6810
70482.0,1579
18664.0,2716
73262.0,974
73262.0,1958
77705.0,3836
73262.0,1658
73262.0,4128
73262.0,2786
73262.0,2475
73262.0,18984
89827.0,4892
73262.0,880
128352.0,3969
67101.0,2002
74431.0,886
74431.0,12504
63737.0,4860
63737.0,1513
63737.0,7484
54689.0,4098
54689.0,4668
98337.0,1713
73262.0,9724
73262.0,1492
73262.0,5718
59149.0,1665
59149.0,3240
59149.0,1897
81857.0,1592
73262.0,3036
57887.0,4347
57887.0,2381
57887.0,9702
74863.0,2005
74863.0,2580
55023.0,3444
55023.0,2864
53061.0,2908
84015.0,2896
56505.0,4342
56505.0,1222
70384.0,6366
70384.0,5704
58153.0,2378
58153.0,2244
101286.0,1548
101286.0,1980
101286.0,690
73262.0,5220
73262.0,8364
73262.0,9232
73262.0,1588
17166.0,16020
17166.0,1206
73262.0,3138
73262.0,4689
73262.0,2307
73262.0,1874
73262.0,3518
75346.0,537
75346.0,3822
75346.0,6297
187647.0,1219
187647.0,2277
187647.0,6030
86016.0,7456
68069.0,11142
68069.0,2430
68069.0,884
67442.0,6813
67442.0,501
67442.0,7012
49366.0,1984
62245.0,4520
-58486.0,3324
80320.0,3556
80320.0,7804
80320.0,13560
80320.0,2397
87794.0,2268
87794.0,2816
95097.0,1076
95097.0,1355
95097.0,5643
95097.0,1417
70124.0,16352
73262.0,3004
73262.0,2044
97055.0,1436
97055.0,1347
97055.0,1827
97055.0,1658
73521.0,7482
73521.0,6366
73521.0,7182
75642.0,5856
170928.0,2405
73262.0,3510
77288.0,1900
77288.0,7425
77288.0,1628
85399.0,1218
85399.0,1576
85399.0,1268
79483.0,2284
79483.0,2240
163911.0,7000
163911.0,1970
50663.0,3872
73262.0,8748
73262.0,4440
63192.0,1220
63192.0,5080
63192.0,2470
73262.0,2864
73262.0,4884
73262.0,6424
60659.0,1098
60659.0,5296
60659.0,4440
60659.0,2348
71411.0,8080
71411.0,1890
54633.0,2150
54633.0,4374
73262.0,2568
73262.0,1281
73262.0,6324
73262.0,3732
42484.0,1524
56663.0,4244
47084.0,809
73262.0,5336
73262.0,1193
73262.0,4356
102385.0,6160
102385.0,1286
102385.0,814
75463.0,7242
57377.0,4014
57377.0,992
98937.0,4440
98937.0,821
98937.0,5952
73262.0,2404
73262.0,2166
73262.0,2353
73262.0,5832
73262.0,1128
100682.0,2385
104755.0,1813
83672.0,1505
83672.0,4440
73262.0,1640
73262.0,1940
46971.0,9920
73262.0,9928
68255.0,2188
68255.0,6108
86055.0,4545
86055.0,6872
86055.0,991
72416.0,4074
72416.0,1310
273672.0,12350
273672.0,8700
102379.0,1342
85468.0,2486
85468.0,3922
78202.0,3310
381124.0,15732
79325.0,1673
79325.0,6292
79325.0,6027
95414.0,2003
95414.0,1257
95414.0,2445
95414.0,13206
61813.0,661
60942.0,5344
83249.0,4364
83249.0,5604
83249.0,3000
83249.0,8256
99335.0,4368
96550.0,4462
96550.0,9236
96550.0,2372
73262.0,1376
98629.0,9168
73262.0,1690
73262.0,8956
73262.0,2768
73262.0,2319
73262.0,3552
76452.0,2658
76452.0,2306
76452.0,3506
76452.0,2996
107927.0,2970
107927.0,3867
84580.0,5193
53954.0,2556
53954.0,2664
60417.0,5895
60417.0,4494
71772.0,2523
73262.0,4842
73262.0,4464
73262.0,2952
73262.0,1184
73262.0,1776
73262.0,3012
53636.0,4634
53636.0,1494
98569.0,2721
98569.0,7107
60235.0,4264
60235.0,2907
60235.0,1336
67717.0,2171
56747.0,5628
56747.0,2377
56747.0,4468
56747.0,8320
56747.0,4366
59262.0,1932
59262.0,8420
55043.0,3854
73262.0,2676
73262.0,611
73262.0,884
56046.0,3630
56046.0,3956
56046.0,5073
73262.0,9985
73262.0,4228
73262.0,2162
73262.0,2067
73262.0,1748
53176.0,1892
53176.0,2004
53176.0,1950
53176.0,5970
109664.0,1106
109664.0,6984
62198.0,1226
62198.0,671
73273.0,4230
73273.0,5613
73273.0,2236
73273.0,4620
73602.0,3106
73262.0,3388
73262.0,4866
73262.0,14052
35225.0,2850
73262.0,4912
73262.0,10025
73262.0,3618
73262.0,4038
68887.0,1306
68887.0,4250
73262.0,9708
73262.0,2854
73262.0,1513
73262.0,3895
69742.0,2764
96184.0,4740
96184.0,1995
73262.0,4036
73262.0,3222
73262.0,8472
67755.0,1811
95315.0,3801
95315.0,3416
95315.0,5995
73262.0,5826
73262.0,1921
73262.0,5964
50545.0,5937
80919.0,2882
73262.0,4348
73262.0,4362
73262.0,2424
52743.0,7256
73262.0,4788
65470.0,4042
65470.0,3156
100487.0,11745
100487.0,4074
52712.0,4714
85038.0,4130
52367.0,6320
52367.0,3060
52367.0,1040
49512.0,6072
49512.0,6480
49512.0,1821
49512.0,4005
49512.0,1328
59022.0,1454
59022.0,3822
59022.0,9576
59022.0,678
59022.0,11238
51157.0,2564
73262.0,1672
73262.0,10090
73262.0,6996
73262.0,5144
73262.0,1422
88418.0,6120
88418.0,4749
52635.0,4791
52635.0,914
58700.0,4050
117134.0,1517
201895.0,2992
80191.0,3712
53814.0,3021
80902.0,826
69098.0,4358
69098.0,1372
98023.0,1248
98023.0,11695
60457.0,2104
73262.0,3843
73262.0,2084
73262.0,10794
76660.0,2980
76660.0,6592
61769.0,4977
61769.0,10000
61769.0,2239
72157.0,6213
72157.0,1547
72157.0,6464
103331.0,1480
103331.0,1514
73262.0,1750
73262.0,5082
66516.0,6704
66516.0,1420
66516.0,11982
73262.0,2132
73262.0,7176
48181.0,1694
48181.0,2547
48181.0,1027
48181.0,6984
64526.0,2982
64526.0,980
64526.0,3896
64526.0,3014
57622.0,4656
57622.0,3520
73262.0,3418
73262.0,5766
73455.0,2439
73455.0,3028
73262.0,2568
73262.0,2562
73262.0,7161
67756.0,3594
67756.0,9940
73262.0,3290
73262.0,2750
73262.0,8708
73262.0,2570
60235.0,4424
60235.0,5196
62886.0,7260
62886.0,8835
73262.0,3074
80455.0,1456
80455.0,6960
80455.0,5412
80455.0,2343
80926.0,3436
80926.0,3436
92875.0,7076
70881.0,1214
73262.0,11504
69331.0,1201
41405.0,3804
54188.0,1766
54188.0,2838
96483.0,1902
96483.0,5940
72919.0,3816
72919.0,1004
57852.0,3950
47178.0,2140
47178.0,3490
47178.0,2122
52904.0,17664
52904.0,7240
65461.0,4974
65461.0,714
57668.0,1352
73262.0,6315
61361.0,2382
61361.0,3501
61361.0,3696
251861.0,977
251861.0,692
251861.0,2530
62633.0,820
62633.0,2371
62633.0,8756
73262.0,6816
73262.0,886
91323.0,9325
91323.0,4750
91323.0,2932
73262.0,2229
73262.0,2174
73262.0,2754
189990.0,4750
189990.0,6048
73410.0,9606
47921.0,6678
47921.0,4096
283184.0,3054
283184.0,702
59709.0,8720
67070.0,5994
67070.0,1688
67070.0,6606
73262.0,3528
54111.0,2179
54111.0,8915
73262.0,11690
73262.0,687
73262.0,8815
47887.0,2390
47544.0,2144
47544.0,2514
47544.0,2872
73262.0,2840
68031.0,771
68031.0,3302
68031.0,2027
91500.0,16648
91500.0,17368
78655.0,667
47970.0,2698
47970.0,13506
67445.0,2014
67445.0,7188
73262.0,2320
73262.0,1285
73262.0,1972
73262.0,2150
73262.0,11975
73262.0,6964
73262.0,2892
73262.0,1636
57870.0,3370
57870.0,3800
57870.0,4596
67054.0,2075
98514.0,5301
98514.0,2967
98514.0,1887
114551.0,2800
73262.0,5130
87330.0,1083
87330.0,13909
66651.0,2776
66651.0,1403
66651.0,2496
66651.0,3984
47695.0,6932
47695.0,6348
47695.0,1864
75827.0,1518
75827.0,1569
75827.0,1542
75827.0,2685
57604.0,4696
57604.0,1226
57604.0,1515
57604.0,1612
73262.0,13788
260474.0,9268
260474.0,621
260474.0,8164
260474.0,6056
260474.0,6429
260474.0,866
88055.0,4548
70244.0,915
70244.0,3290
195373.0,2085
195373.0,2062
82444.0,1902
82444.0,1002
82444.0,1168
82444.0,2608
63525.0,1058
63525.0,2133
63525.0,4700
41405.0,7270
41405.0,6396
73262.0,1716
73262.0,6295
73262.0,2091
73262.0,1570
100817.0,2436
100817.0,7120
73262.0,5007
73262.0,2496
73262.0,1764
73262.0,4896
73262.0,5706
73262.0,2172
48669.0,5032
83257.0,5028
48014.0,846
73262.0,3249
73262.0,7353
73262.0,1649
78592.0,1860
51955.0,1400
51955.0,1355
51955.0,3354
65666.0,4281
65666.0,4032
65666.0,1446
65666.0,1784
69971.0,6786
69971.0,6456
69971.0,1271
51430.0,1508
70912.0,9368
70912.0,1620
70912.0,3920
73262.0,4623
73262.0,9188
73262.0,5295
54908.0,12145
54908.0,3912
54908.0,1911
73262.0,1610
72896.0,5745
72896.0,2334
83711.0,3290
83711.0,1180
83711.0,697
83711.0,4947
83711.0,3514
89645.0,16695
73262.0,2280
73262.0,1815
72526.0,5264
72526.0,885
72526.0,8272
72526.0,7278
100159.0,9240
100159.0,3303
100159.0,2766
100159.0,2612
47237.0,1203
47237.0,1670
47237.0,6964
47237.0,723
47237.0,8500
73262.0,6642
73262.0,3796
73262.0,3324
73262.0,4581
73262.0,10290
73262.0,12395
52559.0,857
52559.0,3586
65664.0,1736
65664.0,1079
71419.0,1135
66754.0,1598
73262.0,8408
73262.0,12392
73262.0,1026
73262.0,6780
73262.0,6516
57940.0,2379
82675.0,2160
82675.0,1660
82675.0,4376
82675.0,1884
66629.0,1654
66629.0,4641
61177.0,3908
61177.0,6000
73262.0,5415
73262.0,12774
73262.0,2828
58260.0,4855
58260.0,657
58260.0,3192
58260.0,4212
58260.0,1477
73262.0,3446
73262.0,2295
73262.0,7168
73262.0,8345
73262.0,1080
73262.0,1686
81518.0,823
70277.0,7347
68015.0,8520
68015.0,1551
68015.0,1980
68015.0,1010
73262.0,3912
73262.0,2552
88921.0,1449
73262.0,1984
73262.0,6340
73262.0,8612
104915.0,1620
104915.0,6195
103061.0,6516
56194.0,1013
56194.0,1753
48445.0,3905
90265.0,36300
100074.0,1296
57311.0,688
57311.0,9751
75463.0,2852
75463.0,1390
75463.0,609
75463.0,3986
75463.0,1902
70746.0,1676
66223.0,5128
66223.0,1671
66223.0,6176
66223.0,4005
73262.0,2890
103430.0,5061
103430.0,3564
103430.0,7074
103430.0,2934
98404.0,5946
73262.0,3028
73135.0,5568
73135.0,2736
76014.0,5884
76014.0,3048
73262.0,824
73262.0,1140
57631.0,5656
57631.0,38720
57631.0,14274
73262.0,3886
73262.0,1765
55958.0,1768
55958.0,11010
291264.0,6508
291264.0,2268
73262.0,4994
73262.0,1934
96307.0,3528
84678.0,1364
84678.0,7984
96201.0,2490
96201.0,4954
86039.0,4820
86039.0,1664
86039.0,1128
73262.0,10765
73262.0,3100
86762.0,4994
86762.0,785
86762.0,3276
68546.0,2173
68546.0,1824
68546.0,4576
68546.0,2075
68546.0,9848
68546.0,3976
79010.0,2292
97796.0,2331
47810.0,1671
47810.0,572
97230.0,8752
97230.0,2630
97230.0,1991
73262.0,1770
73262.0,3808
65861.0,7684
65861.0,2698
50800.0,2358
73262.0,1700
89076.0,5367
73262.0,3960
73262.0,1090
73262.0,1057
73262.0,8496
73262.0,3604
73262.0,4971
73262.0,1128
50879.0,7179
50879.0,4872
93451.0,7015
97183.0,4788
97183.0,1865
97183.0,2820
69441.0,5043
90372.0,5144
79798.0,5904
73262.0,4944
73262.0,5193
65997.0,4260
65997.0,1364
65997.0,1804
65997.0,1630
57033.0,2934
57033.0,3445
57033.0,2128
50303.0,696
70384.0,5855
58725.0,2242
58725.0,1804
58725.0,4580
70684.0,2684
49831.0,9950
61999.0,21120
73262.0,6908
73262.0,4659
73262.0,1748
73262.0,4335
80444.0,9256
58823.0,12708
73262.0,1460
73262.0,939
73262.0,6345
73262.0,1137
73262.0,2244
73262.0,6128
86107.0,529
86107.0,1766
86107.0,2240
86107.0,2752
73262.0,4980
225884.0,3648
225884.0,1233
225884.0,2730
73262.0,2471
73262.0,7652
73262.0,2128
73262.0,1600
73262.0,3402
283332.0,861
283332.0,10568
72896.0,2388
72896.0,855
72896.0,1358
72896.0,2636
73262.0,4965
73262.0,2640
73262.0,10660
73262.0,2046
83660.0,1917
69804.0,12936
69804.0,4012
69804.0,2920
65848.0,750
73262.0,5375
73262.0,10560
73262.0,1429
73262.0,3408
51699.0,2184
51699.0,1874
86388.0,3640
86388.0,8564
86388.0,3238
62630.0,11970
62630.0,7760
62630.0,7700
72888.0,3532
73262.0,37056
73262.0,8104
73262.0,696
73262.0,1984
51142.0,1167
51142.0,1200
85038.0,2350
85038.0,4017
65371.0,501
65371.0,896
65371.0,3312
65371.0,3262
50426.0,2322
50426.0,5817
72031.0,2120
72031.0,3740
69546.0,3930
69546.0,5655
69546.0,1698
69546.0,2193
90849.0,8332
90849.0,1196
90849.0,5553
123841.0,2180
73262.0,1353
73262.0,7535
73262.0,2502
73262.0,9585
73262.0,3232
73262.0,5028
93508.0,6630
56406.0,2727
89781.0,1023
73262.0,1225
73262.0,4468
64546.0,4572
69227.0,5487
69227.0,4664
72823.0,1112
73602.0,1197
73602.0,8620
73602.0,1352
73602.0,8344
73262.0,2335
73262.0,9404
97100.0,1965
97100.0,2391
73262.0,9456
73262.0,1494
73262.0,3930
73262.0,2378
73654.0,1514
73654.0,1864
80183.0,1683
80183.0,1251
80183.0,3204
55042.0,5824
55042.0,2916
74702.0,3780
74702.0,7908
74702.0,3243
74702.0,4404
73262.0,2658
73262.0,5559
73262.0,2063
73702.0,2292
46607.0,5061
46607.0,7194
127574.0,12165
127574.0,1260
127574.0,1638
67132.0,6225
73262.0,1879
74770.0,6267
74770.0,5184
74770.0,12042
74770.0,6045
73262.0,1528
73262.0,1538
73262.0,2370
73262.0,2991
73262.0,4948
73262.0,2704
73262.0,1656
157933.0,1652
157933.0,4308
74415.0,3282
57975.0,5889
57975.0,5844
57975.0,1630
69240.0,1191
69240.0,6726
69240.0,6024
73262.0,1691
56639.0,4401
56639.0,836
56639.0,1503
52587.0,3252
73262.0,4995
73262.0,2886
70208.0,799
73262.0,5985
73262.0,567
73262.0,2393
75248.0,1512
75248.0,3110
68565.0,2384
68565.0,1777
52929.0,2916
52929.0,1533
48073.0,555
48073.0,6795
48073.0,1536
54908.0,2013
54908.0,6762
54908.0,1527
73262.0,7020
73262.0,1541
66210.0,1641
66210.0,3606
72350.0,2889
72350.0,6288
76115.0,4746
73262.0,5600
69091.0,3110
91673.0,3522
88413.0,7510
88413.0,3480
88413.0,633
88413.0,1795
88413.0,1796
59639.0,14484
73262.0,3556
73262.0,1612
73262.0,3531
73262.0,3600
57458.0,4865
57458.0,10630
56078.0,4048
56078.0,1456
63673.0,4216
63673.0,9044
63673.0,5628
75657.0,7440
75657.0,4618
75657.0,1278
70473.0,15112
108324.0,1080
108324.0,1855
53515.0,7341
53515.0,2361
53515.0,3540
53515.0,1884
53866.0,1354
53866.0,641
53866.0,2904
53866.0,4995
69824.0,1585
73262.0,714
73262.0,3280
73262.0,551
55257.0,2715
55257.0,2028
104581.0,7404
48521.0,839
93159.0,2244
60227.0,2964
128352.0,48660
73785.0,3237
73262.0,2058
64612.0,5634
73262.0,1476
73262.0,9496
81505.0,1424
81505.0,882
73262.0,6921
73044.0,2997
73044.0,507
73044.0,5541
84782.0,4452
84782.0,3414
84782.0,4068
84782.0,14959
84782.0,2370
80816.0,6765
80816.0,5688
80816.0,626
80816.0,1308
80816.0,5643
73262.0,4452
73262.0,1720
73262.0,2940
73262.0,4317
73262.0,2838
97685.0,3588
97685.0,1482
270138.0,1034
270138.0,3410
270138.0,6268
86301.0,2226
86301.0,1030
104401.0,4348
48107.0,1956
73262.0,8064
73262.0,2384
73262.0,5496
73262.0,2481
152955.0,1744
152955.0,2710
152955.0,5260
78830.0,1061
78830.0,4280
78830.0,2090
78830.0,1814
79444.0,5742
88508.0,7396
88508.0,4542
88508.0,2700
72416.0,3624
72416.0,3189
72416.0,12420
84672.0,5658
56098.0,10520
56098.0,2476
92929.0,1612
71792.0,2052
180440.0,12415
180440.0,3588
70951.0,4680
82566.0,7335
82566.0,978
82566.0,1552
53452.0,2868
59647.0,2298
59647.0,589
73262.0,875
73262.0,8112
73262.0,3044
82727.0,1854
73262.0,2026
66275.0,915
73262.0,6552
73262.0,6621
73262.0,3606
62706.0,2469
62706.0,3260
62706.0,4010
73262.0,3130
73262.0,2276
73262.0,5184
73262.0,1090
73262.0,1481
58299.0,2001
73262.0,1610
74124.0,9095
74124.0,1397
90480.0,3843
73262.0,1839
64308.0,3392
64308.0,1268
64308.0,2049
61885.0,2061
61885.0,761
73262.0,1446
73262.0,2059
73262.0,7195
73262.0,4202
73262.0,1601
61210.0,7235
61210.0,2102
86715.0,2844
86715.0,1405
86715.0,8110
79599.0,4954
79599.0,9354
73262.0,4654
73262.0,8965
73262.0,1029
73262.0,4410
73262.0,10585
73262.0,4383
53467.0,2394
78247.0,21912
82675.0,4395
82675.0,3930
103968.0,7194
103968.0,4089
103968.0,4916
103968.0,1271
70053.0,3084
70053.0,1716
70053.0,2012
55590.0,6512
55590.0,3564
55590.0,2433
55590.0,1058
208140.0,2542
208140.0,8424
208140.0,6184
100159.0,1945
100159.0,3549
100159.0,10965
94969.0,2217
64614.0,3822
64614.0,3108
66968.0,2212
67569.0,616
67569.0,2760
73262.0,5292
73262.0,1350
81518.0,8364
81518.0,2154
73262.0,6628
73262.0,1137
73262.0,4916
73262.0,3935
73262.0,2874
61402.0,2344
61402.0,1027
61402.0,11622
83773.0,9940
83773.0,507
83773.0,3759
82395.0,3080
82395.0,3825
73262.0,3686
73262.0,7215
73262.0,2187
65094.0,4402
65094.0,5481
65094.0,922
73262.0,14622
73262.0,6945
73262.0,1470
73262.0,5148
73262.0,1813
59867.0,5472
59867.0,8808
59867.0,4368
70676.0,1091
70676.0,1811
58119.0,1504
73262.0,1879
92316.0,2076
92316.0,4200
92316.0,1498
92316.0,6592
92316.0,3596
73262.0,3412
73262.0,5679
48324.0,1252
48324.0,5883
48324.0,6951
87262.0,3412
77135.0,2740
77478.0,1402
73262.0,4314
73262.0,8252
52236.0,1788
79034.0,6357
73262.0,6320
73262.0,7104
73262.0,881
54734.0,6819
54734.0,2295
54734.0,8130
99133.0,4755
93110.0,1286
73262.0,4566
73262.0,4652
54858.0,3570
54858.0,1336
73262.0,1162
73262.0,8384
73262.0,7825
105487.0,6280
105487.0,659
105487.0,6279
59332.0,1596
59332.0,934
59332.0,6498
59332.0,11955
63580.0,2329
63580.0,11202
63580.0,6165
63580.0,6501
54033.0,9640
73262.0,5320
73262.0,4440
73262.0,1810
73262.0,633
98422.0,2406
98422.0,6332
89900.0,2118
89900.0,6680
89900.0,1213
89900.0,1611
55502.0,8956
55502.0,5658
58127.0,1117
58127.0,5575
82415.0,5595
82415.0,4260
82415.0,1490
82415.0,2676
82415.0,6213
73262.0,537
73262.0,1014
78636.0,4491
78636.0,5668
78636.0,9545
73262.0,4142
77705.0,2403
77705.0,1454
89853.0,5769
89853.0,5580
73262.0,3544
73262.0,1814
73262.0,2310
63422.0,4740
63422.0,2872
98473.0,1656
98473.0,1963
73262.0,3588
73262.0,4235
91592.0,1822
91592.0,1450
104525.0,5928
104525.0,1146
104525.0,8840
104968.0,567
104968.0,791
51124.0,1296
51124.0,1235
51124.0,3474
51124.0,7920
51124.0,2838
51124.0,1278
51124.0,8836
57622.0,6690
59598.0,1918
59598.0,2303
59598.0,2862
59598.0,9765
59598.0,5499
95431.0,2920
95431.0,3130
85447.0,3753
85447.0,9692
53005.0,2466
53005.0,2220
53005.0,1430
53005.0,5907
53005.0,5949
39426.0,2320
39426.0,4164
39426.0,2267
39426.0,1460
73262.0,1974
73262.0,3879
73262.0,2438
73262.0,2218
73262.0,12280
73262.0,6093
152955.0,12798
152955.0,1095
99256.0,6096
73262.0,943
104352.0,2051
104352.0,1169
86467.0,1066
86467.0,1313
86467.0,2334
86467.0,1702
92097.0,5852
92097.0,6090
71562.0,632
71562.0,2196
71562.0,5046
66971.0,4347
66971.0,7428
48579.0,1442
73945.0,6420
73945.0,7036
73945.0,2230
61100.0,3850
61100.0,733
85514.0,1616
64630.0,2564
64630.0,3746
64630.0,2011
71630.0,720
91621.0,1602
91621.0,2389
68454.0,2880
73262.0,6132
73262.0,3945
73262.0,9448
77950.0,5337
52655.0,4640
52655.0,3480
52655.0,5163
80919.0,1385
103430.0,6712
103430.0,2055
103430.0,792
51165.0,8425
51165.0,4404
88792.0,4696
80543.0,6765
80543.0,759
80543.0,4730
80543.0,4533
80543.0,7512
84454.0,898
98015.0,6612
98015.0,4294
98015.0,3508
73262.0,4328
73262.0,4322
100185.0,4656
100185.0,1966
97241.0,9315
97241.0,3706
93601.0,6276
93601.0,4336
93601.0,4596
93601.0,1932
96481.0,4695
96481.0,4220
47670.0,4620
47670.0,4066
47670.0,2294
47670.0,4748
47670.0,3699
100395.0,4968
100395.0,6408
100395.0,665
73262.0,8265
73262.0,570
73262.0,2200
76452.0,1410
76452.0,5304
76452.0,2792
73262.0,6444
73262.0,3345
60366.0,4264
73262.0,3168
73262.0,2206
64015.0,5994
64015.0,3452
64015.0,1910
85577.0,13776
73262.0,2616
73262.0,2526
73262.0,7740
73262.0,4732
68261.0,4839
68261.0,2091
51645.0,3840
51645.0,1323
75462.0,1678
75899.0,1181
75899.0,2796
75899.0,1454
69334.0,3231
55218.0,5733
55218.0,1256
55218.0,8045
60295.0,13710
60295.0,4524
60295.0,9116
68518.0,13656
68518.0,1118
102956.0,6426
102956.0,928
61055.0,6380
61055.0,2189
61055.0,3940
61055.0,1874
61055.0,6732
103042.0,4851
103042.0,7125
103042.0,2612
103042.0,1014
73262.0,6276
73262.0,8240
76248.0,2520
76248.0,1391
76248.0,5632
73262.0,509
156578.0,10300
156578.0,2940
73262.0,2049
73262.0,803
73262.0,1159
73262.0,4350
73262.0,1638
73262.0,6726
73262.0,6876
73262.0,5262
73262.0,3558
73262.0,679
86388.0,1043
86388.0,1804
86388.0,6966
86388.0,550
86388.0,1664
86388.0,5349
86388.0,8692
86388.0,4658
73262.0,2612
73262.0,1527
73262.0,4652
73262.0,1174
73262.0,2665
73262.0,1922
73262.0,6032
73262.0,2130
93909.0,2010
93909.0,2725
83332.0,3273
83332.0,5736
83332.0,2152
46863.0,5395
60208.0,5394
63991.0,1954
63991.0,2755
63991.0,2083
63991.0,1156
63991.0,2426
103563.0,1633
103563.0,2340
103563.0,2754
103563.0,1112
55648.0,3308
55648.0,2972
55648.0,3507
55648.0,6220
55648.0,2600
55648.0,3782
73262.0,6405
73262.0,591
73262.0,29000
73262.0,2474
79483.0,9824
61062.0,1246
61062.0,1746
47715.0,1416
47715.0,5574
77268.0,1053
77268.0,3672
77268.0,2944
50507.0,6969
50507.0,2943
50507.0,1306
50507.0,2025
73322.0,813
98698.0,1877
98698.0,8736
98698.0,4377
73262.0,9208
73262.0,12465
73262.0,1332
67220.0,3725
67220.0,1518
67220.0,1628
67220.0,1704
67220.0,12230
67220.0,4230
99444.0,1629
99444.0,2353
99444.0,3802
99444.0,1860
73262.0,4774
73262.0,2140
73262.0,7164
73262.0,4980
69912.0,3452
66733.0,3666
73262.0,4796
63899.0,1930
63899.0,3702
63899.0,6268
63899.0,1516
100803.0,1844
100803.0,4026
100803.0,9252
73510.0,3966
73510.0,3567
73262.0,3035
73262.0,9940
62089.0,4150
62089.0,831
62089.0,2353
59537.0,6039
96102.0,1352
96102.0,1064
79536.0,7260
79536.0,7890
79536.0,6981
50134.0,1744
50134.0,6138
50134.0,12108
50134.0,2898
54632.0,3550
54632.0,1171
54632.0,1180
63517.0,3576
83742.0,6036
88082.0,6392
103118.0,3320
82347.0,1313
82347.0,14140
55131.0,2736
104619.0,4560
84736.0,1356
84736.0,2014
57924.0,36360
57924.0,2284
102301.0,1328
102301.0,4732
47052.0,2097
47052.0,1378
73262.0,8664
73262.0,3696
73262.0,1408
101286.0,4774
101286.0,1111
101286.0,2230
101286.0,5610
83056.0,1795
83056.0,4194
58238.0,2164
58238.0,4884
58238.0,5310
73262.0,5118
73262.0,4629
73262.0,3684
73262.0,4512
73262.0,3183
101847.0,7028
97976.0,4085
245427.0,3872
245427.0,4312
245427.0,1813
73262.0,2962
73262.0,896
73262.0,2473
73262.0,2884
73262.0,1956
73262.0,1688
46738.0,4995
46738.0,13878
46738.0,6492
46738.0,1172
46738.0,3258
73262.0,6968
73262.0,3220
86388.0,11724
71792.0,2316
93261.0,7024
54632.0,1826
69942.0,4780
72364.0,2271
53204.0,1384
53204.0,620
53204.0,1643
89345.0,4008
89345.0,6882
50546.0,1904
53610.0,1222
127574.0,9210
127574.0,1423
73262.0,3100
73262.0,2415
73262.0,5451
59576.0,4104
59576.0,2267
42090.0,2665
42090.0,4208
42090.0,3237
42090.0,4791
100034.0,3993
100034.0,6696
100034.0,1032
100034.0,2734
100034.0,2826
100034.0,12948
84015.0,1298
50598.0,1070
73262.0,996
100214.0,1744
100214.0,3933
100214.0,4880
78145.0,9736
66994.0,12677
76592.0,1058
76592.0,4008
162543.0,2171
162543.0,11215
60758.0,2430
73262.0,7872
73262.0,1337
80309.0,1376
80309.0,1929
73262.0,3216
111868.0,1760
111868.0,1545
111868.0,6591
111868.0,4818
111868.0,1108
73262.0,14724
73262.0,2034
69098.0,3684
69098.0,2930
50597.0,4010
50597.0,3870
50597.0,5493
100995.0,3580
100995.0,2400
65177.0,3339
65177.0,2326
65177.0,1253
69609.0,1838
90979.0,5235
90979.0,1560
90979.0,2356
90979.0,4714
90979.0,2288
53559.0,6267
53559.0,1086
73262.0,3578
73262.0,7624
61668.0,2278
61668.0,3864
75231.0,11530
75231.0,7264
113785.0,3628
128118.0,2624
83841.0,2560
83841.0,3756
83841.0,5490
73262.0,6660
89245.0,4836
89245.0,2810
73262.0,30500
87259.0,7173
87259.0,6618
46991.0,9424
101933.0,1744
66845.0,2434
66845.0,2097
66845.0,1876
73262.0,2084
73262.0,632
73262.0,5992
73262.0,3849
73262.0,1923
55552.0,856
73262.0,7158
73262.0,13884
68957.0,4732
54094.0,10840
54094.0,7095
54094.0,1790
57975.0,2000
57975.0,1709
68152.0,1433
68152.0,6687
60903.0,2042
60903.0,4266
60903.0,2400
73262.0,2380
73262.0,3032
73262.0,2804
82703.0,1450
82703.0,5667
149992.0,5673
149992.0,2111
149992.0,1978
149992.0,1080
61589.0,6669
61589.0,8701
77565.0,1944
77565.0,3338
77565.0,10560
71992.0,5990
71992.0,1656
100711.0,2958
100711.0,1816
100711.0,2461
73262.0,3051
118530.0,4161
118530.0,7035
73262.0,4488
73262.0,3888
52209.0,1412
52209.0,3812
52209.0,1007
52209.0,3008
49529.0,2312
91239.0,1506
91239.0,4452
66226.0,9684
66226.0,2718
66226.0,4122
66226.0,9268
73262.0,4572
57235.0,2376
57235.0,1447
57235.0,2592
57235.0,4280
73262.0,2265
73262.0,7305
73262.0,11745
86513.0,4502
86513.0,1685
86513.0,4908
80767.0,820
73262.0,6276
73262.0,3896
56493.0,3574
56493.0,2085
56493.0,9412
54637.0,5396
73262.0,2492
66537.0,3735
66537.0,9292
66537.0,566
66537.0,7792
66537.0,1775
66537.0,3582
74672.0,584
74672.0,3600
89435.0,5013
89435.0,2427
89435.0,4182
89435.0,3303
171815.0,8750
79028.0,685
79028.0,7550
79028.0,1518
74090.0,1383
73262.0,2417
73262.0,936
73262.0,4840
51479.0,4536
51479.0,4944
61203.0,2260
61203.0,4680
61203.0,2236
61203.0,2152
81391.0,902
81391.0,1159
117771.0,3655
117771.0,9670
117771.0,4834
117771.0,2374
117771.0,6051
73262.0,1452
73262.0,9600
57398.0,4386
48265.0,2256
73262.0,6744
73262.0,5259
73262.0,4504
73262.0,10410
73262.0,4083
103449.0,1704
81443.0,3860
102397.0,1204
102397.0,7407
89932.0,4824
89932.0,3318
104138.0,2238
73262.0,716
73262.0,10245
73262.0,4928
89345.0,6336
73262.0,2814
73262.0,2676
73262.0,9064
73162.0,3057
73162.0,1328
73162.0,2338
73162.0,5049
73162.0,4208
73162.0,1177
73262.0,1845
73262.0,7964
174487.0,3882
174487.0,5604
64174.0,3302
64174.0,4660
77074.0,1421
77074.0,819
102899.0,1300
102899.0,1554
102899.0,2364
102899.0,1406
102899.0,1048
73262.0,5112
50597.0,7275
89953.0,2504
73262.0,3184
73262.0,5361
79678.0,1016
79678.0,6044
79678.0,2448
79678.0,625
73262.0,10965
73262.0,3048
73262.0,1894
73262.0,9848
73262.0,1756
54033.0,4870
73262.0,1570
73262.0,1913
73262.0,8605
73077.0,5508
73077.0,7650
73077.0,2276
73262.0,2859
73262.0,2396
73262.0,11930
73262.0,5271
73262.0,5238
55023.0,1198
55023.0,2077
63926.0,1822
73262.0,5805
68905.0,2566
83586.0,801
83586.0,3222
83586.0,4616
83586.0,8280
83586.0,3772
83586.0,2818
103572.0,529
103572.0,1746
103572.0,3436
73714.0,1900
90707.0,5152
199426.0,3926
199426.0,5694
88099.0,5646
88099.0,3320
88099.0,6640
94683.0,1855
94683.0,817
94683.0,914
94683.0,965
298851.0,4286
298851.0,904
73262.0,2289
73262.0,2324
73262.0,3902
73262.0,4215
61813.0,7672
61813.0,2980
61813.0,3141
63225.0,4435
63225.0,3970
63225.0,3951
63225.0,6024
63225.0,1787
63225.0,1031
63225.0,5115
68413.0,7050
61070.0,7137
61070.0,3392
61070.0,2367
73262.0,7530
73262.0,2356
73262.0,7550
73262.0,6354
65935.0,1322
120956.0,2176
18715.0,28596
18715.0,44020
73262.0,1914
95445.0,2913
95445.0,1033
95445.0,1911
88055.0,10495
73262.0,1886
73262.0,3480
73262.0,2955
73262.0,2229
58431.0,5538
58431.0,6702
58431.0,10002
58431.0,2166
73262.0,1448
73262.0,5804
73262.0,5892
73262.0,9092
73262.0,3410
73262.0,750
52172.0,3294
52172.0,1581
80280.0,5865
80280.0,4830
80280.0,1074
80280.0,1589
80280.0,705
95373.0,1482
95373.0,2456
81719.0,4196
81719.0,7383
72656.0,2568
72656.0,4356
55845.0,1428
55845.0,2506
73262.0,6456
73262.0,2304
73262.0,4120
73262.0,996
49588.0,2871
63218.0,5346
63218.0,5664
73262.0,2970
73262.0,2112
73262.0,2901
123277.0,3112
123277.0,1884
50954.0,3687
89435.0,10765
54286.0,1813
75856.0,9564
75856.0,8096
75856.0,2836
74713.0,4894
54846.0,1106
54846.0,3472
73262.0,3390
73262.0,4195
73262.0,2043
73262.0,1760
73262.0,1415
59621.0,8688
59621.0,1676
85887.0,7266
58831.0,1699
58831.0,5805
53061.0,4197
53061.0,1236
53061.0,2072
76533.0,6741
76533.0,1514
76533.0,3303
86590.0,4731
86590.0,4034
73262.0,905
73262.0,4756
73262.0,1567
73628.0,885
73628.0,2465
111948.0,2081
73262.0,3236
73262.0,4882
73262.0,5610
74819.0,8450
73262.0,7660
73262.0,2328
100113.0,9460
96390.0,1575
96390.0,8790
98586.0,3920
98586.0,5037
98586.0,1760
98586.0,1260
50363.0,2394
50363.0,8772
50363.0,1803
50363.0,4116
50363.0,1445
50363.0,3060
90995.0,1128
90995.0,4242
95289.0,1286
95289.0,1986
95289.0,2502
95289.0,5576
95289.0,7108
94365.0,9420
94365.0,4392
94365.0,6744
87117.0,8420
40125.0,1918
40125.0,2520
73262.0,1578
73262.0,4434
73262.0,1878
61041.0,6810
61041.0,2348
62259.0,1278
78716.0,2874
78716.0,4532
73262.0,4866
73262.0,1964
74917.0,1864
74917.0,4812
74917.0,3804
74917.0,2500
90620.0,4060
74046.0,5700
74046.0,4588
23136.0,9306
81393.0,2582
95606.0,4998
114551.0,3278
102400.0,1124
102400.0,4432
104131.0,6228
61578.0,2108
61578.0,5559
74413.0,2712
74413.0,1812
74413.0,2075
73262.0,8808
73262.0,3372
98604.0,1792
55617.0,3720
71344.0,3681
16853.0,25456
16853.0,11484
16853.0,2684
73262.0,6381
73262.0,1164
58713.0,7251
73262.0,1697
73262.0,5164
73262.0,3616
73262.0,3608
68372.0,1368
78488.0,2210
78488.0,8640
78488.0,2996
78488.0,1048
90046.0,912
73262.0,2185
84015.0,11575
47383.0,1704
47383.0,1300
47383.0,4780
100817.0,2820
73262.0,3032
73262.0,3780
48770.0,1417
48770.0,4266
73262.0,4376
74587.0,50856
73262.0,4998
73262.0,2724
73262.0,1838
73262.0,6980
73262.0,10235
78114.0,3018
78114.0,2114
78114.0,724
78114.0,1154
94440.0,3417
63359.0,6147
63359.0,3480
63359.0,3094
50254.0,1520
73262.0,757
73262.0,1192
73262.0,8832
73262.0,2248
73262.0,1338
73262.0,2391
79023.0,2016
79023.0,1910
65206.0,6885
65206.0,8072
269847.0,2032
269847.0,4734
59188.0,10115
74964.0,3156
74964.0,8724
47291.0,3870
46905.0,1119
73262.0,3204
73262.0,4977
73262.0,4376
63965.0,1746
63965.0,2412
70482.0,10915
56883.0,1713
58025.0,2487
73262.0,3608
73262.0,1332
63348.0,1782
63348.0,6978
83570.0,2289
122233.0,6736
85511.0,7532
85511.0,5260
85511.0,2550
73236.0,4994
46831.0,3460
73262.0,4468
70485.0,7374
73262.0,2222
126075.0,2820
56384.0,1474
56384.0,8475
56384.0,1573
250253.0,993
250253.0,2375
250253.0,5676
67377.0,1352
91792.0,2130
91792.0,1552
73262.0,2466
81110.0,8184
81110.0,4260
73262.0,4670
52704.0,5740
91978.0,3309
91978.0,6004
91978.0,7960
78993.0,11290
78993.0,3914
78993.0,1818
78993.0,3356
61899.0,3952
61899.0,2290
61899.0,9452
74028.0,3714
74028.0,3444
101609.0,2166
97789.0,3486
97789.0,5875
97789.0,11790
63634.0,2373
63634.0,1232
73262.0,3876
73262.0,9952
94534.0,7628
94534.0,1684
94534.0,1160
103005.0,3615
103005.0,6954
103005.0,2206
89435.0,1919
89435.0,1444
89435.0,2427
89435.0,772
73262.0,2218
102894.0,1007
102894.0,5964
102894.0,7338
73262.0,2445
73262.0,1697
73262.0,2532
123828.0,7280
123828.0,9030
123828.0,1476
123828.0,2616
123828.0,7240
123828.0,1915
97991.0,4638
97991.0,1088
97991.0,2018
97991.0,1582
58114.0,1947
58114.0,6369
58114.0,1873
58114.0,2694
84015.0,6261
84015.0,2074
84015.0,2340
84015.0,1660
84015.0,4674
121570.0,4173
121570.0,2592
121570.0,3536
103522.0,8530
103522.0,2376
63271.0,2134
63271.0,1540
63271.0,1533
57411.0,16928
57411.0,12640
57411.0,4756
73262.0,3216
79325.0,2690
79325.0,6488
82078.0,9460
82078.0,4292
99838.0,6030
92875.0,9104
92875.0,4200
95571.0,6720
95571.0,1846
53068.0,4995
53068.0,2326
53068.0,5752
77990.0,6450
90071.0,1120
90071.0,7032
73262.0,2094
73262.0,4542
73262.0,1916
60350.0,5268
87252.0,1593
87252.0,7128
87252.0,2333
236612.0,1363
73823.0,1716
73823.0,5214
73823.0,3333
73823.0,6189
101498.0,952
73262.0,1497
73262.0,1930
73262.0,3474
48994.0,1072
48994.0,7248
48994.0,3058
48994.0,598
47515.0,9548
47515.0,1979
47515.0,4664
91163.0,3492
74727.0,6535
74727.0,1676
86815.0,8265
95907.0,1359
95907.0,3192
95907.0,2218
47084.0,3092
47084.0,2094
86414.0,8136
86414.0,9748
86414.0,6492
103413.0,1333
82910.0,2208
94891.0,2736
94891.0,7395
73262.0,2792
47620.0,3345
47620.0,2420
47620.0,632
57633.0,1020
96337.0,3963
96337.0,3828
73262.0,5598
73262.0,12100
73262.0,3080
73262.0,1910
73262.0,6153
73262.0,5668
54042.0,10820
51923.0,1409
67827.0,7584
67827.0,6800
73262.0,2088
98637.0,1659
98637.0,2226
81366.0,6984
81366.0,9268
75952.0,6376
75952.0,5970
73262.0,3021
43592.0,5001
43592.0,5325
43592.0,4196
43592.0,6282
99796.0,3814
124154.0,1866
54123.0,6768
54123.0,7359
77816.0,4324
86759.0,1661
86759.0,2232
86759.0,2472
60094.0,2389
60094.0,2232
60094.0,1572
60094.0,2988
60094.0,2447
217538.0,4268
217538.0,12215
217538.0,1530
71038.0,5709
71038.0,9356
58314.0,833
58314.0,2876
58314.0,2600
99090.0,2002
99090.0,3875
90359.0,2019
90359.0,4052
90359.0,1393
60776.0,2117
60776.0,3810
57668.0,2764
57668.0,6756
57668.0,5076
57668.0,1140
93110.0,1162
93110.0,4660
86667.0,3486
85203.0,5283
85203.0,760
85203.0,9556
68485.0,4032
68485.0,1580
68485.0,1224
73262.0,1330
73262.0,4060
73262.0,7005
73262.0,3561
73262.0,2965
73262.0,2322
73262.0,12834
73262.0,1304
76119.0,29920
84147.0,2318
84147.0,4890
84147.0,2192
84147.0,2928
61200.0,1994
61200.0,4312
61200.0,3060
61200.0,6177
61200.0,1243
61200.0,3384
101339.0,1079
101339.0,1001
50298.0,815
50298.0,8980
73262.0,5355
73262.0,2076
73262.0,3032
106669.0,2646
106669.0,11808
106669.0,2316
106669.0,6153
62242.0,8972
73262.0,1428
73262.0,797
73262.0,4852
104952.0,2103
104952.0,1595
104952.0,6801
104952.0,2608
71344.0,3480
71344.0,1329
-46683.0,4456
84736.0,6282
84736.0,4230
84736.0,597
84736.0,653
73262.0,1880
118863.0,2394
118863.0,3056
118863.0,8084
118863.0,4340
65565.0,3312
65565.0,4870
65565.0,2370
65565.0,5991
65565.0,10840
73262.0,4050
73262.0,4776
73262.0,2976
81518.0,6132
81518.0,3250
81518.0,4892
73262.0,10565
73262.0,2208
73262.0,2277
73262.0,3232
73262.0,5688
73262.0,2244
73262.0,1946
81355.0,5517
81355.0,607
63411.0,4834
63411.0,1357
49031.0,8496
74655.0,3292
74655.0,3402
74655.0,3612
96460.0,3206
96460.0,2418
99662.0,2732
53565.0,6684
53565.0,9375
53565.0,11930
73262.0,760
73262.0,6420
95299.0,5976
95299.0,1952
95299.0,4096
73262.0,1990
98089.0,2129
61289.0,3082
104968.0,790
104968.0,8316
104968.0,1518
104968.0,7468
104968.0,8836
73262.0,4089
73262.0,1418
73262.0,6780
73262.0,3476
56959.0,1872
56959.0,6608
56959.0,6402
70384.0,2177
70384.0,1674
70384.0,4142
27603.0,24220
27603.0,13208
53061.0,3740
53061.0,7056
47445.0,2023
75827.0,2942
75827.0,1279
99747.0,1996
74651.0,5704
74651.0,3144
73262.0,1296
73262.0,918
72459.0,2412
72459.0,1532
58338.0,1737
58338.0,1009
57886.0,1341
57886.0,1100
53337.0,4764
53337.0,7158
53337.0,1384
53337.0,5364
53337.0,1952
86728.0,4968
86728.0,3644
61912.0,1558
61912.0,2544
61912.0,9840
61912.0,4816
100817.0,1167
100817.0,1929
100817.0,12006
100817.0,7588
56894.0,8328
57773.0,2084
57773.0,1990
69971.0,1070
77523.0,3796
77523.0,3178
73262.0,7251
101933.0,4266
101933.0,2094
58372.0,1924
58372.0,8484
58372.0,6960
98937.0,6840
98937.0,7435
98937.0,2064
98937.0,1049
98937.0,11886
52589.0,1380
99147.0,4952
73262.0,3885
73262.0,3957
90208.0,5892
98933.0,12312
73262.0,1940
73262.0,1210
73262.0,2136
73262.0,14424
48369.0,1837
48369.0,7975
48369.0,1636
48369.0,1434
48369.0,1719
73135.0,3670
102850.0,1186
72027.0,10818
72027.0,1206
73262.0,5764
73262.0,8315
73262.0,7740
86067.0,5450
85364.0,2136
85364.0,8260
85364.0,4032
85364.0,833
85364.0,5769
73262.0,7044
75980.0,6460
75980.0,5838
75980.0,14694
75980.0,1506
73262.0,3316
61617.0,7240
61617.0,6984
61617.0,2386
85577.0,1533
85577.0,1746
85577.0,2150
79614.0,2290
90177.0,4612
85985.0,2830
75827.0,644
75827.0,4941
75827.0,3642
94743.0,1584
94743.0,2103
78722.0,1487
55497.0,2342
73262.0,3246
73262.0,4923
73262.0,5670
73262.0,5475
81205.0,1094
50663.0,3444
50663.0,1863
50663.0,11150
50663.0,5322
50663.0,4458
105053.0,2770
73262.0,7752
73262.0,3768
73262.0,1416
103790.0,5864
103790.0,738
103790.0,4180
64245.0,9496
56644.0,6984
58331.0,4215
58331.0,11730
61811.0,9808
61811.0,8712
82081.0,1281
82081.0,2262
82081.0,5817
82081.0,7500
73262.0,37128
73262.0,1326
73262.0,1794
73262.0,7419
73262.0,2225
206392.0,2088
206392.0,1289
206392.0,4924
101995.0,4512
101995.0,6232
101995.0,11965
101995.0,4226
58711.0,2168
58711.0,852
53061.0,2972
53061.0,4285
53061.0,11124
73262.0,850
73262.0,3304
73262.0,3501
73262.0,809
58756.0,2451
73262.0,4839
74773.0,5180
74773.0,2460
74773.0,6051
74773.0,7040
63015.0,2469
95530.0,4150
73262.0,4674
73262.0,6765
78660.0,5160
78660.0,7320
78660.0,1506
73262.0,4248
73262.0,3124
73262.0,7140
73262.0,3464
73262.0,7336
73262.0,1602
24688.0,2290
51989.0,1016
51989.0,6968
72027.0,2362
72027.0,1909
72027.0,1249
73715.0,11320
73715.0,5265
73715.0,5109
102048.0,5769
102048.0,887
73262.0,1918
73262.0,6645
73262.0,2307
73262.0,1884
73262.0,4116
73262.0,8572
208140.0,1202
208140.0,1000
208140.0,7341
97030.0,7461
97030.0,4622
91447.0,1556
73262.0,3990
74699.0,6388
74699.0,5457
50057.0,1098
50057.0,5109
50057.0,8752
73262.0,12420
67377.0,5010
82997.0,1360
82997.0,1017
86937.0,4136
86937.0,2842
86937.0,2156
52723.0,1954
52723.0,2328
66949.0,1529
66949.0,2056
73262.0,8748
73262.0,4228
102904.0,931
102904.0,2153
77314.0,7144
77314.0,4264
77314.0,4374
77314.0,934
73262.0,4816
73262.0,5763
73262.0,2415
73262.0,4126
73262.0,6942
97596.0,4224
97596.0,4682
65416.0,3291
65416.0,946
73262.0,1782
73262.0,6770
73262.0,4205
73262.0,2253
73262.0,9652
60252.0,7884
60252.0,2512
73262.0,2841
267238.0,1956
85211.0,598
85211.0,5715
45580.0,990
93595.0,8490
93595.0,2053
93595.0,755
93595.0,7660
93595.0,10145
93595.0,5120
49316.0,2889
49316.0,2735
66546.0,2916
88871.0,4736
70755.0,9960
70755.0,5511
73262.0,4659
73262.0,32240
55729.0,1666
55729.0,10040
55729.0,977
55729.0,4616
73262.0,4445
73262.0,552
73262.0,1408
73262.0,2320
73262.0,886
52209.0,5610
52209.0,6798
72116.0,4102
54773.0,2610
73262.0,2956
73262.0,3902
73262.0,1306
73262.0,3963
73262.0,2274
73262.0,4114
73262.0,2457
73262.0,36920
99671.0,7824
99671.0,619
73262.0,2320
73262.0,4624
73262.0,6888
73262.0,2436
73262.0,7431
64381.0,1635
64381.0,1509
47238.0,2646
65546.0,5964
65546.0,10925
65546.0,4821
54675.0,2357
73262.0,3030
73262.0,4932
73262.0,7452
91832.0,5940
91832.0,9668
73262.0,676
73262.0,7341
73262.0,1646
69818.0,2226
69818.0,4874
69818.0,9128
66845.0,6210
66845.0,2618
73262.0,3024
73262.0,6420
73262.0,971
73262.0,4227
73262.0,1112
56883.0,2052
87109.0,4632
52017.0,1680
52017.0,1428
52017.0,6368
71195.0,7380
71195.0,1560
61991.0,2404
61991.0,6642
91784.0,10128
91784.0,6940
73262.0,5577
73262.0,4566
73262.0,5605
88055.0,1680
73262.0,1599
64680.0,3916
73262.0,2806
73262.0,11735
73262.0,3226
73262.0,4792
73262.0,4624
56610.0,3006
56610.0,1132
56610.0,4384
73262.0,2358
75990.0,4894
53842.0,1418
75114.0,6035
75114.0,3080
75114.0,11185
73162.0,12102
73162.0,4437
73162.0,1474
73162.0,5169
48852.0,2690
48852.0,4686
48852.0,4178
73262.0,724
90682.0,2181
87259.0,2660
87259.0,2333
82509.0,1992
92144.0,4220
92144.0,8255
92144.0,4160
73262.0,1881
73262.0,6135
88103.0,2060
88103.0,4335
127574.0,9032
127574.0,2170
127574.0,4314
78830.0,1728
81892.0,4796
81892.0,4665
81892.0,10530
81892.0,1539
210090.0,3028
210090.0,7362
210090.0,5382
210090.0,7812
73262.0,6020
67097.0,1575
67097.0,10944
69696.0,6990
69696.0,5995
78160.0,4465
78160.0,3522
78160.0,7296
73262.0,6714
73262.0,6324
73262.0,1628
73262.0,8200
70434.0,3950
73262.0,9996
73262.0,6135
80853.0,2390
80853.0,2059
58421.0,2040
58421.0,8240
73262.0,1400
73262.0,1533
73262.0,5037
73262.0,1509
73262.0,978
80013.0,4660
80013.0,3620
95373.0,1103
96019.0,5478
96019.0,2292
87259.0,12228
87259.0,2112
71638.0,30100
72217.0,1477
73262.0,9792
73262.0,2081
73262.0,3465
73262.0,8828
73262.0,5331
73262.0,1261
50879.0,4966
71630.0,5451
71630.0,10785
55432.0,3756
63291.0,1752
63291.0,1356
50432.0,2564
73262.0,2140
73262.0,5712
73262.0,1270
80351.0,8082
101730.0,5504
59647.0,884
59647.0,1380
59647.0,2345
50091.0,1175
50091.0,4600
68787.0,11856
43337.0,4364
73262.0,1416
73262.0,918
66507.0,5541
66507.0,5288
77619.0,6285
73262.0,4192
54675.0,2961
54675.0,6816
75704.0,2310
73262.0,1480
73262.0,1376
73262.0,2224
73262.0,1890
70916.0,6636
70916.0,860
59490.0,641
59490.0,9508
59490.0,1200
69080.0,1825
57434.0,1248
73262.0,4710
236637.0,4042
236637.0,6652
236637.0,4996
73262.0,3732
73262.0,3530
73262.0,1545
73262.0,1225
73262.0,6138
73262.0,668
58907.0,870
58907.0,7029
54390.0,1217
54390.0,1593
65763.0,5571
65763.0,5572
76064.0,9150
76064.0,5040
97240.0,4390
97240.0,1344
97240.0,10188
73262.0,1347
54235.0,3200
73262.0,8960
73262.0,3930
73262.0,2355
52779.0,7824
52779.0,5154
52779.0,1744
61259.0,2442
61259.0,5700
61259.0,1302
50458.0,6884
50458.0,32680
73262.0,1434
73262.0,1700
73262.0,6408
73262.0,3588
73262.0,6393
65096.0,1908
73262.0,913
73262.0,1047
73262.0,2472
73262.0,5184
78434.0,1025
73262.0,2421
49817.0,6546
49817.0,2101
65088.0,2634
65088.0,4776
73262.0,3658
73262.0,1491
73262.0,1490
92516.0,2913
47512.0,2014
73262.0,4479
61506.0,1934
57809.0,11790
57809.0,2493
93641.0,6723
93641.0,3490
93641.0,3471
93641.0,1267
93641.0,4842
93641.0,1957
52308.0,8755
73262.0,6171
73262.0,3096
73262.0,3024
73262.0,973
73262.0,2538
73262.0,1256
87777.0,2302
76592.0,9504
76592.0,1888
45561.0,14008
45561.0,11748
58314.0,4535
58314.0,1518
73262.0,3170
73262.0,2907
73262.0,3685
73262.0,3690
91172.0,4104
73262.0,3068
73262.0,1284
80816.0,2745
80816.0,7395
66699.0,5295
66699.0,3810
86694.0,2584
86694.0,1861
86694.0,9955
86694.0,1812
86694.0,1772
56193.0,3786
56193.0,5000
56193.0,1250
84147.0,9216
84147.0,3276
84147.0,4756
103494.0,2265
73262.0,6279
73262.0,9344
73262.0,6927
73262.0,2112
73262.0,3070
73262.0,9164
74802.0,5190
74802.0,2114
74802.0,1526
73262.0,3396
250253.0,2420
250253.0,1944
229203.0,2295
229203.0,2152
229203.0,2388
100809.0,1964
104192.0,5235
104192.0,1876
73262.0,4916
73262.0,6678
83303.0,16320
73262.0,1748
73262.0,1568
60997.0,3747
60997.0,7172
73262.0,2997
73262.0,2080
73262.0,7164
73262.0,2498
73262.0,3654
73262.0,2090
73262.0,1006
73262.0,5995
73262.0,2984
68565.0,1821
68565.0,1338
87635.0,2656
73262.0,4780
73262.0,1818
73262.0,7014
73262.0,4416
73262.0,650
73262.0,2208
73262.0,692
73262.0,2472
73262.0,5682
73262.0,2376
92128.0,2398
73262.0,1588
73262.0,2694
73262.0,2090
73262.0,2499
73262.0,3615
73262.0,6483
59022.0,1109
51878.0,1951
51878.0,3934
51878.0,1585
73262.0,944
88320.0,5337
88320.0,1488
88320.0,4674
73262.0,5223
73262.0,6180
73262.0,3434
73262.0,1932
70490.0,7525
70490.0,4980
91789.0,2692
87965.0,1352
93684.0,2064
93684.0,2222
78318.0,4954
78318.0,6285
78318.0,2640
82460.0,2096
66388.0,1722
66388.0,4872
66388.0,2565
73262.0,2037
75071.0,2820
80516.0,2368
61275.0,1998
69448.0,4622
73262.0,3992
73262.0,3120
92075.0,1310
92075.0,3602
92075.0,911
92075.0,5592
92075.0,8775
54794.0,802
73479.0,11225
73479.0,1760
73479.0,5400
73479.0,3670
73262.0,1394
50930.0,4478
50930.0,1668
50930.0,9544
66461.0,3255
96836.0,1831
96836.0,1236
96836.0,3676
77037.0,4748
78382.0,2012
78382.0,7164
73262.0,11235
49612.0,738
49612.0,8672
49612.0,3018
49612.0,2937
73262.0,19488
73262.0,2348
73262.0,3645
73262.0,3216
61809.0,4570
73262.0,2454
73262.0,4830
73262.0,10760
73262.0,7868
73262.0,2247
61769.0,853
61769.0,1869
61769.0,1313
54384.0,7353
54384.0,3928
57608.0,772
73262.0,1841
73262.0,2275
73262.0,3554
49351.0,3396
53204.0,1839
48317.0,10280
48317.0,4682
73262.0,2504
43280.0,10740
43280.0,4725
43280.0,4431
43280.0,6495
57119.0,2226
57119.0,1069
57119.0,1230
57119.0,2206
91030.0,4000
91030.0,2400
91030.0,1335
91030.0,4130
101354.0,4608
101354.0,1098
85364.0,4302
94122.0,817
94122.0,2176
45384.0,7308
45384.0,3200
45384.0,8480
60672.0,2049
99444.0,2408
99444.0,2413
73262.0,2244
73262.0,7700
57510.0,3092
57510.0,3894
237676.0,4242
237676.0,605
52406.0,4152
52406.0,2109
52406.0,11945
93206.0,4731
93206.0,1664
79097.0,4154
79097.0,1931
76129.0,8324
76992.0,4434
76992.0,6615
77542.0,8636
80816.0,2880
78170.0,929
78170.0,2166
78170.0,4680
67680.0,1432
63965.0,7144
52779.0,6807
74770.0,1947
74770.0,8225
74770.0,8292
74770.0,4248
74770.0,6944
74770.0,1183
74770.0,3620
55641.0,4336
55641.0,842
60894.0,1022
60458.0,2252
60458.0,11280
60458.0,2422
60582.0,2410
60582.0,5488
60582.0,3768
50955.0,6864
50955.0,3831
50955.0,4160
73262.0,2388
73262.0,1001
70559.0,3243
96935.0,1575
48191.0,4740
48191.0,1912
65219.0,4012
96516.0,6864
101933.0,8140
101933.0,4760
101933.0,1337
66990.0,2908
66990.0,1398
66990.0,4200
73262.0,6984
73262.0,2544
73262.0,3382
73262.0,4220
57634.0,6372
57634.0,4827
57634.0,1662
57634.0,6996
92646.0,8104
92646.0,5388
92646.0,3705
60563.0,4844
73262.0,5428
73262.0,4278
73262.0,4444
73262.0,3810
57975.0,5848
57975.0,816
90874.0,5085
73262.0,7311
112860.0,4004
112860.0,965
61203.0,3818
76825.0,4652
76825.0,1698
77935.0,1120
87173.0,2778
87173.0,6345
73262.0,1882
73262.0,3836
73262.0,1815
73262.0,4626
75891.0,9540
75891.0,2332
79488.0,6885
79488.0,13223
79488.0,3456
79488.0,9155
62229.0,3891
62229.0,4820
73382.0,6273
102357.0,7413
102357.0,1866
102357.0,1196
104466.0,9870
104466.0,2874
64138.0,2271
78830.0,2121
78830.0,4164
72294.0,7290
72294.0,1440
72294.0,3225
72294.0,6729
114551.0,9300
57886.0,4744
64373.0,4905
64373.0,4362
64373.0,3303
83739.0,7020
73262.0,2940
73262.0,3204
73262.0,13512
73262.0,7206
86176.0,2278
103151.0,8884
103151.0,2042
103151.0,5886
103151.0,1107
74849.0,5460
45229.0,1623
90874.0,1054
90874.0,1977
73262.0,9256
73262.0,4200
73262.0,12516
73262.0,10070
73262.0,7328
77200.0,3936
77200.0,1658
78549.0,3345
78549.0,1926
98098.0,6291
98098.0,721
72294.0,14406
72294.0,1318
72294.0,4318
195398.0,2420
195398.0,1308
195398.0,1324
97796.0,4470
87107.0,2660
87107.0,3450
87107.0,3990
87107.0,9930
53496.0,12285
53496.0,3204
71419.0,1748
71419.0,6990
71419.0,6507
71419.0,5540
73262.0,7564
73262.0,1665
73262.0,7107
73262.0,9024
59265.0,6321
95571.0,4584
73262.0,8645
73262.0,4572
73262.0,656
73262.0,2256
73262.0,2540
81845.0,2052
81845.0,9652
70933.0,3440
73262.0,2772
73262.0,3428
73262.0,7446
73262.0,6345
245263.0,7816
245263.0,1410
245263.0,3424
66360.0,6748
66360.0,2968
66360.0,2818
66360.0,8584
66360.0,1956
92396.0,6028
92396.0,2302
69587.0,1802
69587.0,1346
64692.0,3090
64692.0,5490
64692.0,5277
52256.0,1685
52256.0,1111
52256.0,9144
52256.0,1436
52256.0,1926
96935.0,2493
87908.0,4340
87908.0,778
87908.0,2369
87908.0,4680
87908.0,943
73262.0,2353
73262.0,3960
73262.0,4565
21997.0,4588
90879.0,7041
90879.0,6616
55121.0,2394
55121.0,1785
55121.0,1199
111948.0,553
111948.0,1258
111948.0,6270
73262.0,6960
73262.0,6546
73262.0,1846
88633.0,4238
84663.0,5028
84663.0,5967
84663.0,5502
73262.0,547
73262.0,6972
73262.0,973
77019.0,6231
77019.0,5148
77019.0,4564
73262.0,4299
73262.0,4728
78372.0,4641
54457.0,2564
54457.0,1173
54457.0,8650
54457.0,761
52589.0,2682
94499.0,1390
73262.0,5200
73262.0,9600
73262.0,3762
73262.0,2003
73262.0,5967
73262.0,2968
81975.0,1899
81975.0,924
73262.0,6156
73262.0,9816
73262.0,551
73262.0,3944
73262.0,839
64165.0,4656
64165.0,6078
64165.0,2656
64165.0,1476
71380.0,4932
73262.0,5721
73262.0,7530
73262.0,2676
73262.0,1422
73262.0,6545
73262.0,3554
83448.0,3810
47663.0,1566
47663.0,5454
56692.0,1332
56692.0,4132
87440.0,1656
87440.0,609
198691.0,2127
198691.0,1166
198691.0,3044
84988.0,1498
84988.0,1050
84988.0,649
65955.0,1665
104968.0,7371
67227.0,3202
67227.0,1656
75819.0,536
73262.0,2772
73262.0,1742
73262.0,587
51337.0,6912
73262.0,5436
73262.0,6474
73262.0,4608
73262.0,8334
73262.0,2422
73262.0,4146
73262.0,4074
73262.0,569
73262.0,7428
73262.0,4500
93153.0,3890
93153.0,3800
93153.0,1770
73262.0,6516
73262.0,575
103607.0,2074
103607.0,4218
103607.0,4548
103607.0,3934
103607.0,1716
54457.0,7980
55667.0,4630
97596.0,4810
97596.0,4720
97596.0,1165
83798.0,4467
77282.0,2110
77282.0,1577
50800.0,1657
50800.0,3236
73262.0,6561
73262.0,5916
73262.0,4410
73262.0,2630
73262.0,2271
82681.0,2397
82681.0,1088
82681.0,2093
49677.0,796
71816.0,6880
71816.0,6366
71816.0,2476
71816.0,2220
94987.0,4576
94987.0,3693
73262.0,3606
73262.0,1062
99748.0,2301
99748.0,1781
99748.0,7560
72435.0,1803
101168.0,1509
96138.0,1216
96138.0,2638
96138.0,2336
64619.0,2322
64619.0,8244
64619.0,3605
64619.0,1190
73262.0,3042
73262.0,710
73262.0,5725
56870.0,1382
56870.0,4274
73262.0,10895
73262.0,2892
73262.0,11465
73262.0,2496
73262.0,4104
60899.0,2952
82755.0,6244
82755.0,8660
73262.0,1132
73262.0,2190
83832.0,1942
83832.0,2646
73262.0,40220
73262.0,1708
73262.0,5151
73262.0,2452
73262.0,2026
73262.0,11118
73262.0,3960
77037.0,6705
73262.0,2354
73262.0,4824
73262.0,3984
71411.0,1295
71411.0,3702
71411.0,3368
50254.0,7870
71630.0,5196
71630.0,4400
71630.0,5088
71630.0,6176
51337.0,4284
73262.0,1522
73262.0,9208
73262.0,3153
73262.0,6108
73262.0,1760
80229.0,7180
73262.0,2035
73262.0,8836
76018.0,3945
76018.0,9372
76018.0,4574
76018.0,2168
50905.0,8520
73262.0,2384
73262.0,1128
71922.0,6312
71922.0,3813
65488.0,11665
73262.0,5055
73262.0,2468
63372.0,2198
82735.0,6600
73262.0,4192
65099.0,850
65099.0,2227
100633.0,7443
100633.0,3290
63830.0,2135
63830.0,2183
63830.0,2211
63694.0,8370
73262.0,2898
73262.0,7299
73262.0,6932
88879.0,1737
88879.0,2209
88879.0,1684
88879.0,3231
88879.0,1086
98422.0,2412
73262.0,6870
128574.0,2025
190674.0,2459
190674.0,8012
190674.0,3280
190674.0,2025
100868.0,1196
100868.0,2124
100868.0,7348
102379.0,9485
102379.0,1276
102379.0,2077
102379.0,996
98418.0,637
98418.0,11930
98418.0,11540
73262.0,6924
73262.0,3184
73262.0,6340
73262.0,2763
56291.0,2421
68178.0,4614
68178.0,2844
68178.0,1757
68178.0,1491
68178.0,4622
68178.0,2832
96572.0,1388
52352.0,2568
52352.0,3310
61305.0,4098
61305.0,3522
61305.0,7188
61305.0,1155
82940.0,6099
82940.0,3076
73262.0,1727
407228.0,32920
407228.0,4568
86107.0,2310
86107.0,2306
86107.0,7836
86107.0,4494
57188.0,6472
57188.0,1417
57188.0,7152
